Bin Id	Marker lineage	# genomes	# markers	# marker sets	0	1	2	3	4	5+	Completeness	Contamination	Strain heterogeneity
A173	k__Archaea (UID2)	207	149	107	39	105	5	0	0	0	76.13	2.65	0.00
A361	k__Archaea (UID2)	207	149	107	7	137	5	0	0	0	94.86	3.74	0.00
A381	k__Archaea (UID2)	207	149	107	26	116	6	1	0	0	82.24	5.61	0.00
A399	k__Archaea (UID2)	207	149	107	36	109	4	0	0	0	76.50	3.27	0.00
AB1215_1	k__Archaea (UID2)	207	149	107	51	91	7	0	0	0	66.03	5.61	0.00
AB3033_1	k__Archaea (UID2)	207	149	107	35	113	1	0	0	0	78.97	0.47	0.00
AB3033_2	k__Archaea (UID2)	207	149	107	8	135	5	1	0	0	93.46	4.67	0.00
ABR01	k__Archaea (UID2)	207	149	107	9	133	7	0	0	0	92.99	5.14	14.29
ABR02	k__Archaea (UID2)	207	149	107	24	120	5	0	0	0	81.78	3.27	40.00
ABR03	k__Archaea (UID2)	207	149	107	33	112	4	0	0	0	77.02	3.27	25.00
ABR04	k__Archaea (UID2)	207	149	107	17	125	7	0	0	0	85.98	4.67	28.57
ABR05	k__Archaea (UID2)	207	149	107	16	129	4	0	0	0	87.38	3.27	0.00
ABR06	k__Archaea (UID2)	207	149	107	17	128	4	0	0	0	86.45	2.34	0.00
ABR08	k__Archaea (UID2)	207	149	107	39	102	8	0	0	0	70.25	5.61	37.50
ABR09	k__Archaea (UID2)	207	149	107	65	83	1	0	0	0	53.67	0.07	0.00
ABR10	k__Archaea (UID2)	207	149	107	61	85	3	0	0	0	59.15	1.87	0.00
ABR11	k__Archaea (UID2)	207	149	107	24	120	4	1	0	0	82.87	5.14	28.57
ABR13	k__Archaea (UID2)	207	149	107	34	108	7	0	0	0	74.77	5.14	0.00
ABR14	k__Archaea (UID2)	207	149	107	34	105	10	0	0	0	72.90	5.82	40.00
ABR15	k__Archaea (UID2)	207	149	107	47	99	3	0	0	0	63.24	1.87	0.00
ABR16	k__Archaea (UID2)	207	149	107	8	136	5	0	0	0	93.46	3.27	20.00
AB_1215_Bin_10	k__Archaea (UID2)	207	149	107	21	119	9	0	0	0	84.11	7.48	11.11
AB_1215_Bin_101	k__Archaea (UID2)	207	149	107	21	119	9	0	0	0	83.34	7.48	11.11
AB_1215_Bin_128	k__Archaea (UID2)	207	149	107	14	128	6	1	0	0	87.85	6.07	0.00
AB_1215_Bin_151	k__Archaea (UID2)	207	149	107	59	83	5	2	0	0	60.46	7.79	27.27
AB_1215_Bin_22	k__Archaea (UID2)	207	149	107	65	80	3	1	0	0	51.10	3.74	50.00
AB_1215_Bin_32	k__Archaea (UID2)	207	149	107	19	124	6	0	0	0	85.67	2.96	50.00
AB_1215_Bin_94	k__Archaea (UID2)	207	149	107	39	107	3	0	0	0	69.55	2.34	0.00
AB_69_Bin_121	k__Archaea (UID2)	207	149	107	56	77	14	1	1	0	62.62	9.45	26.09
AB_69_Bin_161	k__Archaea (UID2)	207	149	107	55	83	11	0	0	0	59.75	6.22	81.82
AB_69_Bin_233	k__Archaea (UID2)	207	149	107	48	93	8	0	0	0	65.04	5.61	37.50
AB_69_Bin_241	k__Archaea (UID2)	207	149	107	18	126	5	0	0	0	87.54	4.21	20.00
AB_69_Bin_244	k__Archaea (UID2)	207	149	107	68	74	7	0	0	0	50.08	4.05	42.86
AB_69_Bin_72	k__Archaea (UID2)	207	149	107	67	74	7	1	0	0	57.86	7.01	30.00
AB_69_Bin_81	k__Archaea (UID2)	207	149	107	23	114	11	1	0	0	81.31	9.19	35.71
B11_G17	k__Archaea (UID2)	207	149	107	17	123	9	0	0	0	88.55	7.01	11.11
B13_G17	k__Archaea (UID2)	207	149	107	25	121	3	0	0	0	81.09	1.40	0.00
B16_G1	k__Archaea (UID2)	207	149	107	57	84	8	0	0	0	59.51	5.61	0.00
B20_G9	k__Archaea (UID2)	207	149	107	14	127	8	0	0	0	88.32	7.01	0.00
B32_G17	k__Archaea (UID2)	207	149	107	60	87	2	0	0	0	57.89	0.93	0.00
B34_G2	k__Archaea (UID2)	207	149	107	32	106	11	0	0	0	75.55	7.17	0.00
B36_G16	k__Archaea (UID2)	207	149	107	9	132	8	0	0	0	92.06	6.54	0.00
B37_G2	k__Archaea (UID2)	207	149	107	75	65	9	0	0	0	51.28	7.94	22.22
B44_G1	k__Archaea (UID2)	207	149	107	47	92	10	0	0	0	64.49	8.18	0.00
B4_G2	k__Archaea (UID2)	207	149	107	18	123	8	0	0	0	88.16	4.59	0.00
B62_G16	k__Archaea (UID2)	207	149	107	19	124	6	0	0	0	86.45	3.19	0.00
B6_G17	k__Archaea (UID2)	207	149	107	37	109	3	0	0	0	72.98	1.01	33.33
B77_G9	k__Archaea (UID2)	207	149	107	11	130	8	0	0	0	92.06	4.67	0.00
B7_G1	k__Archaea (UID2)	207	149	107	23	119	6	1	0	0	81.46	5.45	33.33
B7_G17	k__Archaea (UID2)	207	149	107	20	123	6	0	0	0	82.24	3.04	66.67
B90_G9	k__Archaea (UID2)	207	149	107	51	96	2	0	0	0	63.80	0.93	0.00
BHB10_26_Bin_164_clean	k__Archaea (UID2)	207	149	107	68	72	9	0	0	0	61.99	6.54	11.11
BHB10_26_Bin_165_clean	k__Archaea (UID2)	207	149	107	49	84	16	0	0	0	67.69	5.79	62.50
BHB10_26_Bin_277_clean	k__Archaea (UID2)	207	149	107	53	87	6	3	0	0	67.58	8.48	40.00
BHB10_26_Bin_319	k__Archaea (UID2)	207	149	107	15	126	7	1	0	0	88.71	6.85	20.00
BHB10_26_Bin_322	k__Archaea (UID2)	207	149	107	23	120	6	0	0	0	83.18	4.98	50.00
BHB10_26_Bin_338	k__Archaea (UID2)	207	149	107	47	97	5	0	0	0	72.24	3.74	40.00
BHB10_26_Bin_359	k__Archaea (UID2)	207	149	107	60	82	7	0	0	0	61.75	5.45	57.14
BHB10_26_Bin_38	k__Archaea (UID2)	207	149	107	78	65	6	0	0	0	50.58	4.05	0.00
BHB10_2_Bin_344	k__Archaea (UID2)	207	149	107	20	127	2	0	0	0	83.18	1.40	0.00
BHB10_38_Bin_122	k__Archaea (UID2)	207	149	107	55	90	3	1	0	0	60.08	3.27	0.00
BHB10_38_Bin_149	k__Archaea (UID2)	207	149	107	10	128	10	1	0	0	92.06	8.88	15.38
BHB10_38_Bin_151	k__Archaea (UID2)	207	149	107	71	76	0	2	0	0	50.08	3.74	16.67
BHB10_38_Bin_177	k__Archaea (UID2)	207	149	107	34	103	11	1	0	0	72.83	8.41	7.14
BHB10_38_Bin_224	k__Archaea (UID2)	207	149	107	14	124	11	0	0	0	89.72	7.24	45.45
BHB10_38_Bin_270	k__Archaea (UID2)	207	149	107	26	113	10	0	0	0	82.10	6.70	40.00
BHB10_38_Bin_279	k__Archaea (UID2)	207	149	107	44	104	1	0	0	0	68.85	0.93	0.00
BHB10_38_Bin_301	k__Archaea (UID2)	207	149	107	60	86	3	0	0	0	59.51	2.34	0.00
BHB10_38_Bin_38	k__Archaea (UID2)	207	149	107	27	113	9	0	0	0	78.50	5.92	11.11
BHB10_38_Bin_74	k__Archaea (UID2)	207	149	107	22	122	3	2	0	0	84.20	5.14	0.00
BHB10_38_Bin_92_clean	k__Archaea (UID2)	207	149	107	36	108	4	1	0	0	71.89	5.14	14.29
Co_bin120	k__Archaea (UID2)	207	149	107	13	133	3	0	0	0	88.79	1.40	0.00
Co_bin147	k__Archaea (UID2)	207	149	107	42	97	8	2	0	0	69.64	8.18	21.43
Co_bin153	k__Archaea (UID2)	207	149	107	50	96	2	1	0	0	70.14	3.74	40.00
Co_bin157	k__Archaea (UID2)	207	149	107	61	73	14	1	0	0	54.92	7.39	82.35
Co_bin169	k__Archaea (UID2)	207	149	107	62	73	14	0	0	0	54.84	7.15	92.86
Co_bin177	k__Archaea (UID2)	207	149	107	48	91	9	1	0	0	61.06	5.68	41.67
Co_bin235	k__Archaea (UID2)	207	149	107	62	79	8	0	0	0	63.22	6.15	37.50
Co_bin241	k__Archaea (UID2)	207	149	107	61	79	7	2	0	0	54.54	6.15	30.77
Co_bin249	k__Archaea (UID2)	207	149	107	65	74	10	0	0	0	52.84	6.54	60.00
Co_bin263	k__Archaea (UID2)	207	149	107	30	114	3	2	0	0	75.78	5.45	55.56
Co_bin277	k__Archaea (UID2)	207	149	107	42	100	6	1	0	0	73.47	5.28	22.22
Co_bin41	k__Archaea (UID2)	207	149	107	7	132	10	0	0	0	94.39	7.94	0.00
Co_bin44	k__Archaea (UID2)	207	149	107	27	117	5	0	0	0	77.26	3.27	0.00
Co_bin69	k__Archaea (UID2)	207	149	107	21	125	3	0	0	0	85.30	1.40	100.00
Co_bin7	k__Archaea (UID2)	207	149	107	20	122	7	0	0	0	84.89	5.61	0.00
D4991_C11_H1_Bin_169	k__Archaea (UID2)	207	149	107	19	127	3	0	0	0	90.31	2.80	0.00
D4991_C11_H1_Bin_181	k__Archaea (UID2)	207	149	107	40	107	2	0	0	0	69.55	1.87	0.00
D4991_C11_H1_Bin_188	k__Archaea (UID2)	207	149	107	38	103	8	0	0	0	75.23	6.07	0.00
D4991_C11_H1_Bin_86	k__Archaea (UID2)	207	149	107	16	128	4	0	1	0	88.32	5.14	0.00
D4993_C5_H1_Bin_185	k__Archaea (UID2)	207	149	107	55	91	3	0	0	0	62.54	1.08	0.00
D4993_C5_H1_Bin_246	k__Archaea (UID2)	207	149	107	22	120	7	0	0	0	84.51	5.14	0.00
D4993_C5_H1_Bin_263	k__Archaea (UID2)	207	149	107	27	117	5	0	0	0	85.17	2.80	0.00
D4993_C5_H1_Bin_269	k__Archaea (UID2)	207	149	107	16	122	10	1	0	0	92.09	8.72	15.38
D4993_C5_H1_Bin_32_clean	k__Archaea (UID2)	207	149	107	34	113	1	1	0	0	76.17	1.40	25.00
D4993_C5_H1_Bin_406_clean	k__Archaea (UID2)	207	149	107	23	124	2	0	0	0	87.43	1.87	0.00
D4993_C5_H1_Bin_447	k__Archaea (UID2)	207	149	107	29	119	1	0	0	0	81.90	0.47	0.00
D4993_C5_H1_Bin_456	k__Archaea (UID2)	207	149	107	22	121	6	0	0	0	82.87	5.14	16.67
D4993_C5_H1_Bin_526	k__Archaea (UID2)	207	149	107	55	91	3	0	0	0	63.71	2.80	0.00
D4993_C5_H1_Bin_95	k__Archaea (UID2)	207	149	107	56	85	8	0	0	0	59.59	1.44	100.00
D4993_C5_H2_Bin_133_clean	k__Archaea (UID2)	207	149	107	22	122	5	0	0	0	82.64	4.21	20.00
D4993_C5_H2_Bin_260	k__Archaea (UID2)	207	149	107	22	122	5	0	0	0	81.93	4.21	0.00
D4993_C5_H2_Bin_290_clean	k__Archaea (UID2)	207	149	107	38	105	6	0	0	0	77.73	4.67	16.67
D4993_C5_H2_Bin_325	k__Archaea (UID2)	207	149	107	31	111	7	0	0	0	82.60	3.74	0.00
D4993_C5_H2_Bin_370	k__Archaea (UID2)	207	149	107	15	131	3	0	0	0	88.01	2.80	0.00
D4993_C5_H2_Bin_435	k__Archaea (UID2)	207	149	107	76	65	7	1	0	0	53.97	6.07	10.00
D4993_C5_H2_Bin_444	k__Archaea (UID2)	207	149	107	8	134	6	1	0	0	93.46	6.07	0.00
D4993_C5_H2_Bin_518	k__Archaea (UID2)	207	149	107	26	118	5	0	0	0	83.50	3.74	0.00
D4993_C5_H2_Bin_565	k__Archaea (UID2)	207	149	107	9	134	4	2	0	0	92.99	4.67	10.00
D4993_C5_H2_Bin_570	k__Archaea (UID2)	207	149	107	45	101	3	0	0	0	73.94	1.87	0.00
D4993_C5_H2_Bin_581	k__Archaea (UID2)	207	149	107	65	82	2	0	0	0	58.48	1.87	50.00
D4993_C5_H2_Bin_583	k__Archaea (UID2)	207	149	107	43	105	1	0	0	0	73.33	0.47	0.00
D4993_C5_H2_Bin_648	k__Archaea (UID2)	207	149	107	18	119	12	0	0	0	87.85	5.43	25.00
D4993_C5_H2_Bin_733	k__Archaea (UID2)	207	149	107	16	125	8	0	0	0	88.32	6.15	0.00
D4993_C5_H2_Bin_79	k__Archaea (UID2)	207	149	107	8	136	5	0	0	0	93.93	3.74	0.00
D4993_C5_H2_Bin_811	k__Archaea (UID2)	207	149	107	24	119	6	0	0	0	82.71	4.21	0.00
D4993_C5_H2_Bin_84_clean	k__Archaea (UID2)	207	149	107	41	107	0	1	0	0	70.80	1.87	33.33
D4993_C5_H3_Bin_186	k__Archaea (UID2)	207	149	107	74	71	4	0	0	0	57.76	3.27	50.00
D4993_C5_H3_Bin_323	k__Archaea (UID2)	207	149	107	53	93	3	0	0	0	60.75	2.34	0.00
D4993_C5_H3_Bin_368	k__Archaea (UID2)	207	149	107	9	135	5	0	0	0	92.99	3.74	0.00
D4993_C5_H3_Bin_385	p__Euryarchaeota (UID4)	45	299	202	169	124	6	0	0	0	46.50	2.48	0.00
D4993_C5_H3_Bin_400	k__Archaea (UID2)	207	149	107	11	135	1	2	0	0	92.06	2.34	0.00
D4993_C5_H3_Bin_450	k__Archaea (UID2)	207	149	107	34	103	11	1	0	0	72.90	5.18	7.14
D4993_C5_H3_Bin_468	k__Archaea (UID2)	207	149	107	11	133	5	0	0	0	91.74	3.74	0.00
D4993_C5_H3_Bin_486	k__Archaea (UID2)	207	149	107	28	121	0	0	0	0	89.02	0.00	0.00
D4993_C5_H3_Bin_497	k__Archaea (UID2)	207	149	107	20	119	10	0	0	0	87.38	4.49	20.00
D4993_C5_H3_Bin_515_clean	k__Archaea (UID2)	207	149	107	53	94	2	0	0	0	64.53	1.40	0.00
D4993_C5_H3_Bin_532	k__Archaea (UID2)	207	149	107	21	106	19	3	0	0	82.71	6.92	0.00
D4993_C5_H3_Bin_603_clean	k__Archaea (UID2)	207	149	107	22	115	10	2	0	0	86.32	8.80	50.00
D4993_C5_H3_Bin_613	k__Archaea (UID2)	207	149	107	32	110	7	0	0	0	82.14	3.74	0.00
D4993_C5_H3_Bin_680	k__Archaea (UID2)	207	149	107	12	129	8	0	0	0	91.45	4.98	0.00
D4993_C5_H3_Bin_765_clean	k__Archaea (UID2)	207	149	107	11	129	5	2	2	0	90.65	5.25	4.35
D4993_C5_H3_Bin_769	k__Archaea (UID2)	207	149	107	40	98	10	1	0	0	73.52	9.35	0.00
D4993_C5_H4_Bin_11	k__Archaea (UID2)	207	149	107	57	92	0	0	0	0	56.00	0.00	0.00
D4993_C5_H4_Bin_142_clean	k__Archaea (UID2)	207	149	107	38	109	2	0	0	0	73.29	1.87	0.00
D4993_C5_H4_Bin_224_clean	k__Archaea (UID2)	207	149	107	59	82	8	0	0	0	54.61	3.43	0.00
D4993_C5_H4_Bin_33	k__Archaea (UID2)	207	149	107	61	87	1	0	0	0	62.51	0.07	100.00
D4993_C5_H4_Bin_46	k__Archaea (UID2)	207	149	107	48	93	8	0	0	0	69.42	6.54	62.50
D4993_C5_H4_Bin_5	k__Archaea (UID2)	207	149	107	57	84	8	0	0	0	59.98	3.10	25.00
D4993_C5_LG_Bin_111	k__Archaea (UID2)	207	149	107	52	88	9	0	0	0	66.24	7.01	0.00
D4993_C5_LG_Bin_146_clean	k__Archaea (UID2)	207	149	107	76	62	10	1	0	0	50.65	8.88	76.92
D4993_C5_LG_Bin_231_clean	k__Archaea (UID2)	207	149	107	32	96	21	0	0	0	73.29	9.62	0.00
D4993_C5_LG_Bin_247	k__Archaea (UID2)	207	149	107	43	101	4	1	0	0	67.16	5.14	0.00
D4993_C5_LG_Bin_279	k__Archaea (UID2)	207	149	107	12	133	4	0	0	0	91.67	2.80	0.00
D4993_C5_LG_Bin_292	k__Archaea (UID2)	207	149	107	16	128	5	0	0	0	88.71	4.21	0.00
D4993_C5_LG_Bin_298	k__Archaea (UID2)	207	149	107	13	133	1	2	0	0	90.19	2.34	0.00
D4993_C5_LG_Bin_330	k__Archaea (UID2)	207	149	107	23	122	4	0	0	0	82.71	3.27	25.00
D4993_C5_LG_Bin_346	k__Archaea (UID2)	207	149	107	9	133	7	0	0	0	92.52	5.14	0.00
D4993_C5_LG_Bin_37	k__Archaea (UID2)	207	149	107	11	131	7	0	0	0	91.12	6.07	14.29
D4993_C5_LG_Bin_387_clean	k__Archaea (UID2)	207	149	107	35	113	1	0	0	0	75.16	0.93	0.00
D4993_C5_LG_Bin_413_clean	k__Archaea (UID2)	207	149	107	11	130	6	2	0	0	90.65	2.77	0.00
D4993_C5_LG_Bin_429	k__Archaea (UID2)	207	149	107	51	96	2	0	0	0	69.91	0.93	0.00
D4993_C5_LG_Bin_447	k__Archaea (UID2)	207	149	107	33	106	8	2	0	0	74.14	9.19	0.00
D4993_C5_LG_Bin_498	k__Archaea (UID2)	207	149	107	17	123	9	0	0	0	88.32	3.56	11.11
D4993_C5_LG_Bin_529	k__Archaea (UID2)	207	149	107	23	118	6	2	0	0	84.11	7.48	41.67
D4993_C5_LG_Bin_530	k__Archaea (UID2)	207	149	107	8	135	6	0	0	0	93.93	4.67	16.67
D4993_C5_LG_Bin_604	k__Archaea (UID2)	207	149	107	47	96	6	0	0	0	72.68	4.05	0.00
D4993_C5_LG_Bin_609	k__Archaea (UID2)	207	149	107	22	122	5	0	0	0	84.11	1.94	0.00
D4993_C5_LG_Bin_705_clean	k__Archaea (UID2)	207	149	107	28	114	6	0	1	0	78.04	6.85	33.33
D4993_C5_LG_Bin_732	k__Archaea (UID2)	207	149	107	47	100	2	0	0	0	72.11	1.87	0.00
D4993_C5_LG_Bin_739_clean	k__Archaea (UID2)	207	149	107	8	133	8	0	0	0	93.46	4.67	0.00
D4994_C39_H1_Bin_122	k__Archaea (UID2)	207	149	107	53	92	4	0	0	0	63.48	3.27	50.00
D4994_C39_H1_Bin_188	k__Archaea (UID2)	207	149	107	45	99	5	0	0	0	74.27	3.74	20.00
D4994_C39_H1_Bin_225	k__Archaea (UID2)	207	149	107	12	127	10	0	0	0	92.21	7.48	20.00
D4994_C39_H1_Bin_261	k__Archaea (UID2)	207	149	107	16	126	7	0	0	0	87.93	4.67	0.00
D4994_C39_H1_Bin_316	k__Archaea (UID2)	207	149	107	10	129	9	1	0	0	92.06	7.01	0.00
D4994_C39_H1_Bin_319	k__Archaea (UID2)	207	149	107	9	134	6	0	0	0	92.52	3.74	0.00
D4994_C39_H1_Bin_33	k__Archaea (UID2)	207	149	107	11	120	7	4	3	4	92.52	6.25	1.22
D4994_C39_H1_Bin_335	k__Archaea (UID2)	207	149	107	11	127	11	0	0	0	93.46	7.94	0.00
D4994_C39_H1_Bin_37	k__Archaea (UID2)	207	149	107	41	106	2	0	0	0	74.54	1.87	0.00
D4994_C39_H1_Bin_371	k__Archaea (UID2)	207	149	107	27	120	2	0	0	0	79.13	1.40	0.00
D4994_C39_H1_Bin_436	k__Archaea (UID2)	207	149	107	41	99	8	1	0	0	66.75	5.14	0.00
D4994_C39_H1_Bin_629	k__Archaea (UID2)	207	149	107	51	93	5	0	0	0	68.33	3.81	60.00
D4994_C39_H1_Bin_674	k__Archaea (UID2)	207	149	107	11	134	2	2	0	0	92.68	3.27	0.00
D4994_C39_H1_Bin_696_clean	k__Archaea (UID2)	207	149	107	15	126	8	0	0	0	88.32	6.07	0.00
D4994_C39_H1_Bin_733	k__Archaea (UID2)	207	149	107	24	121	4	0	0	0	79.91	2.34	0.00
D4994_C39_H1_Bin_797	k__Archaea (UID2)	207	149	107	72	70	7	0	0	0	56.69	3.74	0.00
D4994_C39_H1_Bin_803	k__Archaea (UID2)	207	149	107	40	106	3	0	0	0	68.69	2.34	33.33
D4994_C39_H2_Bin_166	k__Archaea (UID2)	207	149	107	38	108	3	0	0	0	75.97	2.34	33.33
D4994_C39_H2_Bin_21	k__Archaea (UID2)	207	149	107	38	103	8	0	0	0	74.84	6.07	37.50
D4994_C39_H2_Bin_222	k__Archaea (UID2)	207	149	107	50	94	5	0	0	0	70.56	3.74	20.00
D4994_C39_H2_Bin_3_clean	k__Archaea (UID2)	207	149	107	41	98	10	0	0	0	72.08	5.76	10.00
D4994_C39_H2_Bin_6_clean	k__Archaea (UID2)	207	149	107	63	67	19	0	0	0	51.09	9.15	5.26
D4998_C1112_H1_Bin_177	k__Archaea (UID2)	207	149	107	20	114	15	0	0	0	83.80	7.76	0.00
D4998_C1112_H1_Bin_241	k__Archaea (UID2)	207	149	107	13	116	19	1	0	0	88.79	7.87	4.55
D4998_C1112_H1_Bin_245	k__Archaea (UID2)	207	149	107	31	117	1	0	0	0	76.17	0.47	0.00
D4998_C1112_H1_Bin_25	k__Archaea (UID2)	207	149	107	51	91	7	0	0	0	63.48	3.02	0.00
D4998_C1112_H1_Bin_361	k__Archaea (UID2)	207	149	107	79	70	0	0	0	0	51.21	0.00	0.00
D4998_C1112_H1_Bin_369_clean	k__Archaea (UID2)	207	149	107	32	114	3	0	0	0	78.52	2.34	0.00
D4998_C1112_H1_Bin_443	k__Archaea (UID2)	207	149	107	18	126	5	0	0	0	85.51	3.74	0.00
D4998_C1112_H1_Bin_477	k__Archaea (UID2)	207	149	107	10	133	5	1	0	0	92.06	6.07	0.00
D4998_C1112_H1_Bin_488	k__Archaea (UID2)	207	149	107	50	99	0	0	0	0	59.74	0.00	0.00
D4998_C1112_H2_Bin_131_clean	k__Archaea (UID2)	207	149	107	56	83	8	2	0	0	65.42	7.94	0.00
D4998_C1112_H2_Bin_190_clean	k__Archaea (UID2)	207	149	107	35	113	1	0	0	0	78.86	0.93	0.00
D4998_C1112_H2_Bin_232	k__Archaea (UID2)	207	149	107	10	134	5	0	0	0	92.06	3.27	0.00
D4998_C1112_H2_Bin_233	k__Archaea (UID2)	207	149	107	20	124	5	0	0	0	85.51	3.74	0.00
D4998_C1112_H2_Bin_270	k__Archaea (UID2)	207	149	107	62	78	8	1	0	0	60.66	7.01	18.18
D4998_C1112_H2_Bin_413	k__Archaea (UID2)	207	149	107	32	112	5	0	0	0	77.65	2.80	0.00
D4998_C1112_H2_Bin_434	k__Archaea (UID2)	207	149	107	39	109	1	0	0	0	69.63	0.93	100.00
D4998_C1112_H2_Bin_445	k__Archaea (UID2)	207	149	107	18	127	4	0	0	0	84.58	2.80	0.00
D4998_C1112_H2_Bin_450	k__Archaea (UID2)	207	149	107	51	96	2	0	0	0	66.40	1.40	0.00
D4998_C1112_H2_Bin_516	k__Archaea (UID2)	207	149	107	12	132	4	1	0	0	89.72	2.41	28.57
D4998_C1112_H2_Bin_52	k__Archaea (UID2)	207	149	107	18	129	2	0	0	0	85.98	0.78	50.00
D4998_C1112_H2_Bin_592_clean	k__Archaea (UID2)	207	149	107	30	117	2	0	0	0	74.45	1.87	0.00
D4998_C1112_H2_Bin_601	k__Archaea (UID2)	207	149	107	13	129	6	1	0	0	89.72	7.01	0.00
D4998_C1112_H2_Bin_606_clean	k__Archaea (UID2)	207	149	107	12	131	6	0	0	0	91.74	4.67	16.67
D4998_C1112_H2_Bin_646	k__Archaea (UID2)	207	149	107	8	134	6	1	0	0	93.46	6.07	0.00
D4998_C1112_H2_Bin_74	k__Archaea (UID2)	207	149	107	54	91	4	0	0	0	62.15	2.41	25.00
D4998_C1112_H2_Bin_75	k__Archaea (UID2)	207	149	107	37	104	6	2	0	0	71.42	7.01	0.00
D4998_C1112_H3_Bin_205	k__Archaea (UID2)	207	149	107	15	124	10	0	0	0	87.54	6.07	0.00
D4998_C1112_H3_Bin_254	k__Archaea (UID2)	207	149	107	13	134	2	0	0	0	89.25	1.40	0.00
D4998_C1112_H3_Bin_265	k__Archaea (UID2)	207	149	107	29	119	1	0	0	0	79.22	0.47	0.00
D4998_C1112_H3_Bin_32_clean	k__Archaea (UID2)	207	149	107	5	138	5	1	0	0	95.79	4.67	0.00
D4998_C1112_H3_Bin_55_clean	k__Archaea (UID2)	207	149	107	17	127	5	0	0	0	90.76	3.12	20.00
D4998_C1112_H3_Bin_60	k__Archaea (UID2)	207	149	107	8	134	7	0	0	0	93.93	4.67	0.00
D4998_C1112_H3_Bin_96	k__Archaea (UID2)	207	149	107	13	132	2	2	0	0	89.25	2.88	12.50
D4998_C2223_H1_Bin_197_clean	k__Archaea (UID2)	207	149	107	35	108	6	0	0	0	74.69	4.28	16.67
D4998_C2223_H1_Bin_209	k__Archaea (UID2)	207	149	107	58	88	3	0	0	0	61.25	1.87	0.00
D4998_C2223_H2_Bin_129_clean	k__Archaea (UID2)	207	149	107	34	111	4	0	0	0	74.45	2.88	0.00
D4998_C2223_H2_Bin_162_clean	k__Archaea (UID2)	207	149	107	11	132	6	0	0	0	91.12	3.34	16.67
D4998_C2223_H2_Bin_199	k__Archaea (UID2)	207	149	107	47	100	2	0	0	0	64.10	0.93	0.00
D4998_C2223_H2_Bin_280	k__Archaea (UID2)	207	149	107	28	119	2	0	0	0	77.10	1.87	0.00
D4998_C2223_H2_Bin_321	k__Archaea (UID2)	207	149	107	68	79	1	1	0	0	55.08	1.87	25.00
D4998_C2223_H2_Bin_358	k__Archaea (UID2)	207	149	107	70	68	9	2	0	0	59.49	9.35	20.00
D4998_C2223_H2_Bin_384	k__Archaea (UID2)	207	149	107	65	81	3	0	0	0	54.79	1.87	0.00
E29_bin63	k__Archaea (UID2)	207	149	107	19	125	5	0	0	0	84.11	2.34	0.00
E44_bin6	k__Archaea (UID2)	207	149	107	51	94	4	0	0	0	61.21	2.41	25.00
E44_bin77	k__Archaea (UID2)	207	149	107	13	127	9	0	0	0	90.65	7.48	11.11
E44_bin85	k__Archaea (UID2)	207	149	107	31	115	3	0	0	0	75.70	2.80	33.33
FINAL_SR_VP_26_10_2019_2_100cm_Atabeya_2_FINAL	k__Archaea (UID2)	207	149	107	2	144	2	1	0	0	98.13	3.74	0.00
GBS02	k__Archaea (UID2)	207	149	107	22	118	9	0	0	0	85.06	4.91	44.44
GBS03	k__Archaea (UID2)	207	149	107	8	135	6	0	0	0	93.93	3.74	0.00
GBS04	k__Archaea (UID2)	207	149	107	14	129	6	0	0	0	89.25	3.74	0.00
GBS27	k__Archaea (UID2)	207	149	107	28	118	3	0	0	0	79.13	1.01	0.00
GCA_001940645_1_ASM194064v1	k__Archaea (UID2)	207	149	107	10	133	5	1	0	0	91.59	5.61	12.50
GCA_001940655_1_ASM194065v1	k__Archaea (UID2)	207	149	107	36	110	3	0	0	0	80.45	2.34	0.00
GCA_001940665_1_ASM194066v1	k__Archaea (UID2)	207	149	107	5	142	2	0	0	0	96.26	1.40	0.00
GCA_001940705_1_ASM194070v1	k__Archaea (UID2)	207	149	107	14	129	6	0	0	0	90.12	3.19	33.33
GCA_001940725_1_ASM194072v1	k__Archaea (UID2)	207	149	107	35	109	5	0	0	0	72.43	4.21	40.00
GCA_001940755_1_ASM194075v1	k__Archaea (UID2)	207	149	107	26	119	4	0	0	0	79.37	2.34	0.00
GCA_002728275_1_ASM272827v1	k__Archaea (UID2)	207	149	107	21	126	2	0	0	0	83.18	1.87	50.00
GCA_002825465_1_ASM282546v1	k__Archaea (UID2)	207	149	107	10	130	9	0	0	0	92.06	5.30	11.11
GCA_002825515_1_ASM282551v1	k__Archaea (UID2)	207	149	107	13	132	4	0	0	0	90.19	2.34	0.00
GCA_002825535_1_ASM282553v1	k__Archaea (UID2)	207	149	107	19	128	2	0	0	0	84.58	1.01	0.00
GCA_003144275_1_ASM314427v1	k__Archaea (UID2)	207	149	107	8	138	3	0	0	0	93.69	1.87	0.00
GCA_003662765_1_ASM366276v1	k__Archaea (UID2)	207	149	107	18	118	13	0	0	0	85.05	5.64	38.46
GCA_003662775_1_ASM366277v1	k__Archaea (UID2)	207	149	107	7	130	10	1	1	0	95.33	9.42	5.26
GCA_003662805_1_ASM366280v1	k__Archaea (UID2)	207	149	107	7	131	11	0	0	0	94.86	8.88	0.00
GCA_003662815_1_ASM366281v1	k__Archaea (UID2)	207	149	107	22	114	13	0	0	0	83.49	8.88	0.00
GCA_003662865_1_ASM366286v1	k__Archaea (UID2)	207	149	107	48	89	11	1	0	0	69.41	9.81	0.00
GCA_003662875_1_ASM366287v1	k__Archaea (UID2)	207	149	107	64	81	4	0	0	0	50.78	2.41	50.00
GCA_003662885_1_ASM366288v1	k__Archaea (UID2)	207	149	107	45	102	2	0	0	0	64.64	1.87	0.00
GCA_003662935_1_ASM366293v1	k__Archaea (UID2)	207	149	107	19	120	10	0	0	0	86.45	7.94	0.00
GCA_003696825_1_ASM369682v1	k__Archaea (UID2)	207	149	107	14	125	8	2	0	0	89.18	8.48	0.00
GCA_004376455_1_ASM437645v1	k__Archaea (UID2)	207	149	107	22	113	14	0	0	0	83.64	8.70	0.00
GCA_004376735_1_ASM437673v1	k__Archaea (UID2)	207	149	107	40	95	14	0	0	0	68.54	8.96	14.29
GCA_004524365_1_ASM452436v1	k__Archaea (UID2)	207	149	107	52	96	1	0	0	0	56.54	0.31	0.00
GCA_004524385_1_ASM452438v1	k__Archaea (UID2)	207	149	107	51	98	0	0	0	0	62.23	0.00	0.00
GCA_004524425_1_ASM452442v1	k__Archaea (UID2)	207	149	107	40	105	4	0	0	0	71.89	1.56	0.00
GCA_004524435_1_ASM452443v1	k__Archaea (UID2)	207	149	107	20	128	1	0	0	0	86.14	0.93	0.00
GCA_004524445_1_ASM452444v1	k__Archaea (UID2)	207	149	107	12	136	1	0	0	0	90.19	0.93	0.00
GCA_004524515_1_ASM452451v1	k__Archaea (UID2)	207	149	107	35	112	2	0	0	0	73.21	1.40	0.00
GCA_004524535_1_ASM452453v1	k__Archaea (UID2)	207	149	107	21	128	0	0	0	0	86.09	0.00	0.00
GCA_004524545_1_ASM452454v1	k__Archaea (UID2)	207	149	107	23	124	2	0	0	0	82.55	1.87	0.00
GCA_004524565_1_ASM452456v1	k__Archaea (UID2)	207	149	107	12	136	1	0	0	0	90.19	0.47	0.00
GCA_004524595_1_ASM452459v1	k__Archaea (UID2)	207	149	107	9	137	3	0	0	0	92.99	1.47	0.00
GCA_004524725_1_ASM452472v1	k__Archaea (UID2)	207	149	107	37	111	1	0	0	0	73.94	0.47	0.00
GCA_004525575_1_ASM452557v1	k__Archaea (UID2)	207	149	107	30	111	7	1	0	0	77.88	6.85	40.00
GCA_004525645_1_ASM452564v1	k__Archaea (UID2)	207	149	107	18	120	11	0	0	0	86.84	5.43	18.18
GCA_005191415_1_ASM519141v1	k__Archaea (UID2)	207	149	107	24	120	5	0	0	0	82.40	2.80	0.00
GCA_005191425_1_ASM519142v1	k__Archaea (UID2)	207	149	107	16	130	3	0	0	0	86.92	1.40	0.00
GCA_005222975_1_ASM522297v1	k__Archaea (UID2)	207	149	107	27	120	2	0	0	0	77.57	1.40	0.00
GCA_005223125_1_ASM522312v1	k__Archaea (UID2)	207	149	107	14	130	5	0	0	0	89.25	3.27	0.00
GCA_007133855_1_ASM713385v1	k__Archaea (UID2)	207	149	107	65	84	0	0	0	0	53.20	0.00	0.00
GCA_008000775_1_ASM800077v1	k__Archaea (UID2)	207	149	107	11	131	5	2	0	0	91.74	6.07	9.09
GCA_008080735_1_ASM808073v1	k__Archaea (UID2)	207	149	107	16	127	6	0	0	0	88.32	3.74	0.00
GCA_008080745_1_ASM808074v1	k__Archaea (UID2)	207	149	107	9	135	5	0	0	0	92.99	3.74	0.00
GCA_008080755_1_ASM808075v1	k__Archaea (UID2)	207	149	107	22	116	8	3	0	0	83.64	9.35	0.00
GCA_008080765_1_ASM808076v1	k__Archaea (UID2)	207	149	107	37	109	3	0	0	0	75.19	1.40	0.00
GCA_010028315_1_ASM1002831v1	k__Archaea (UID2)	207	149	107	27	106	6	4	0	6	77.10	6.25	31.82
GCA_010028525_1_ASM1002852v1	k__Archaea (UID2)	207	149	107	29	106	3	4	6	1	75.70	4.57	30.30
GCA_010030355_1_ASM1003035v1	k__Archaea (UID2)	207	149	107	50	98	1	0	0	0	63.19	0.93	0.00
GCA_011364905_1_ASM1136490v1	k__Archaea (UID2)	207	149	107	33	111	5	0	0	0	82.78	3.27	0.00
GCA_011364925_1_ASM1136492v1	k__Archaea (UID2)	207	149	107	15	129	5	0	0	0	87.85	3.74	0.00
GCA_011364945_1_ASM1136494v1	k__Archaea (UID2)	207	149	107	8	130	11	0	0	0	93.46	8.88	0.00
GCA_011364965_1_ASM1136496v1	k__Archaea (UID2)	207	149	107	16	130	3	0	0	0	87.38	1.94	0.00
GCA_011364975_1_ASM1136497v1	k__Archaea (UID2)	207	149	107	17	128	4	0	0	0	86.45	2.34	0.00
GCA_011364985_1_ASM1136498v1	k__Archaea (UID2)	207	149	107	22	124	3	0	0	0	83.57	2.34	0.00
GCA_011365025_1_ASM1136502v1	k__Archaea (UID2)	207	149	107	22	123	4	0	0	0	83.64	2.80	0.00
GCA_011365055_1_ASM1136505v1	k__Archaea (UID2)	207	149	107	5	138	6	0	0	0	96.26	4.21	0.00
GCA_011366225_1_ASM1136622v1	k__Archaea (UID2)	207	149	107	32	100	17	0	0	0	75.24	9.63	23.53
GCA_011366245_1_ASM1136624v1	k__Archaea (UID2)	207	149	107	7	130	12	0	0	0	94.86	9.81	0.00
GCA_011366285_1_ASM1136628v1	k__Archaea (UID2)	207	149	107	37	101	11	0	0	0	83.29	8.88	0.00
GCA_011366295_1_ASM1136629v1	k__Archaea (UID2)	207	149	107	16	122	10	1	0	0	88.47	8.72	23.08
GCA_011525205_1_ASM1152520v1	k__Archaea (UID2)	207	149	107	21	127	1	0	0	0	82.71	0.93	0.00
GCA_012798355_1_ASM1279835v1	k__Archaea (UID2)	207	149	107	20	119	8	0	2	0	85.21	9.35	35.00
GCA_013166775_1_ASM1316677v1	k__Archaea (UID2)	207	149	107	8	138	3	0	0	0	93.46	1.40	0.00
GCA_013166835_1_ASM1316683v1	k__Archaea (UID2)	207	149	107	15	125	9	0	0	0	90.19	7.48	11.11
GCA_013375355_1_ASM1337535v1	k__Archaea (UID2)	207	149	107	10	131	8	0	0	0	92.21	4.74	25.00
GCA_013375405_1_ASM1337540v1	k__Archaea (UID2)	207	149	107	24	117	8	0	0	0	83.18	5.61	0.00
GCA_013375455_1_ASM1337545v1	k__Archaea (UID2)	207	149	107	10	135	4	0	0	0	91.59	3.27	0.00
GCA_013375475_1_ASM1337547v1	k__Archaea (UID2)	207	149	107	17	126	6	0	0	0	85.98	4.21	0.00
GCA_013375485_1_ASM1337548v1	k__Archaea (UID2)	207	149	107	14	128	7	0	0	0	89.25	5.61	42.86
GCA_013375495_1_ASM1337549v1	k__Archaea (UID2)	207	149	107	32	111	6	0	0	0	79.44	4.21	16.67
GCA_013388835_1_ASM1338883v1	k__Archaea (UID2)	207	149	107	8	136	5	0	0	0	94.39	3.74	0.00
GCA_014728035_1_ASM1472803v1	k__Archaea (UID2)	207	149	107	9	134	6	0	0	0	93.46	4.21	0.00
GCA_014728645_1_ASM1472864v1	k__Archaea (UID2)	207	149	107	48	86	13	1	1	0	61.21	8.71	0.00
GCA_014729055_1_ASM1472905v1	k__Archaea (UID2)	207	149	107	36	108	5	0	0	0	75.08	3.81	0.00
GCA_014729315_1_ASM1472931v1	k__Archaea (UID2)	207	149	107	34	110	4	1	0	0	76.64	3.74	0.00
GCA_014729935_1_ASM1472993v1	k__Archaea (UID2)	207	149	107	25	120	4	0	0	0	88.21	2.80	25.00
GCA_014730125_1_ASM1473012v1	k__Archaea (UID2)	207	149	107	10	134	4	1	0	0	91.59	3.74	14.29
GCA_014730165_1_ASM1473016v1	k__Archaea (UID2)	207	149	107	9	134	5	1	0	0	92.52	4.67	12.50
GCA_014730275_1_ASM1473027v1	k__Archaea (UID2)	207	149	107	7	135	6	1	0	0	94.86	5.14	11.11
GCA_014730295_1_ASM1473029v1	k__Archaea (UID2)	207	149	107	7	135	7	0	0	0	94.39	5.14	14.29
GCA_015520535_1_ASM1552053v1	k__Archaea (UID2)	207	149	107	27	119	3	0	0	0	83.06	1.87	0.00
GCA_015521395_1_ASM1552139v1	k__Archaea (UID2)	207	149	107	30	118	1	0	0	0	75.86	0.47	0.00
GCA_015522385_1_ASM1552238v1	k__Archaea (UID2)	207	149	107	16	127	6	0	0	0	88.86	4.21	50.00
GCA_015523565_1_ASM1552356v1	k__Archaea (UID2)	207	149	107	11	135	3	0	0	0	91.12	2.34	0.00
GCA_016292335_1_ASM1629233v1	k__Archaea (UID2)	207	149	107	22	125	2	0	0	0	81.46	1.87	0.00
GCA_016294945_1_ASM1629494v1	k__Archaea (UID2)	207	149	107	51	96	2	0	0	0	74.37	1.87	0.00
GCA_016294985_1_ASM1629498v1	k__Archaea (UID2)	207	149	107	41	106	2	0	0	0	67.76	0.93	0.00
GCA_016550385_1_ASM1655038v1	k__Archaea (UID2)	207	149	107	23	125	1	0	0	0	86.22	0.47	0.00
GCA_016550395_1_ASM1655039v1	k__Archaea (UID2)	207	149	107	29	120	0	0	0	0	78.04	0.00	0.00
GCA_016550405_1_ASM1655040v1	k__Archaea (UID2)	207	149	107	38	111	0	0	0	0	77.46	0.00	0.00
GCA_016550415_1_ASM1655041v1	k__Archaea (UID2)	207	149	107	16	130	3	0	0	0	89.50	1.87	0.00
GCA_016550425_1_ASM1655042v1	k__Archaea (UID2)	207	149	107	21	128	0	0	0	0	92.67	0.00	0.00
GCA_016550485_1_ASM1655048v1	k__Archaea (UID2)	207	149	107	38	111	0	0	0	0	73.33	0.00	0.00
GCA_016550495_1_ASM1655049v1	k__Archaea (UID2)	207	149	107	38	111	0	0	0	0	74.69	0.00	0.00
GCA_016550505_1_ASM1655050v1	k__Archaea (UID2)	207	149	107	31	115	3	0	0	0	76.42	1.94	0.00
GCA_016649575_1_ASM1664957v1	k__Archaea (UID2)	207	149	107	7	121	19	2	0	0	94.39	8.88	4.00
GCA_016839245_1_ASM1683924v1	k__Archaea (UID2)	207	149	107	8	132	9	0	0	0	93.93	7.48	22.22
GCA_016839265_1_ASM1683926v1	k__Archaea (UID2)	207	149	107	6	140	3	0	0	0	95.95	2.34	0.00
GCA_016839275_1_ASM1683927v1	k__Archaea (UID2)	207	149	107	11	137	1	0	0	0	91.59	0.93	0.00
GCA_016839295_1_ASM1683929v1	k__Archaea (UID2)	207	149	107	8	137	4	0	0	0	93.93	1.94	0.00
GCA_016839315_1_ASM1683931v1	k__Archaea (UID2)	207	149	107	15	128	6	0	0	0	88.79	3.74	16.67
GCA_016839345_1_ASM1683934v1	k__Archaea (UID2)	207	149	107	21	127	1	0	0	0	84.58	0.07	0.00
GCA_016839365_1_ASM1683936v1	k__Archaea (UID2)	207	149	107	13	135	1	0	0	0	91.12	0.93	0.00
GCA_016839385_1_ASM1683938v1	k__Archaea (UID2)	207	149	107	40	107	2	0	0	0	70.49	1.87	0.00
GCA_016839405_1_ASM1683940v1	k__Archaea (UID2)	207	149	107	26	117	6	0	0	0	81.31	5.14	16.67
GCA_016839425_1_ASM1683942v1	k__Archaea (UID2)	207	149	107	48	100	1	0	0	0	73.03	0.47	0.00
GCA_016839445_1_ASM1683944v1	k__Archaea (UID2)	207	149	107	15	122	12	0	0	0	87.38	6.69	41.67
GCA_016839465_1_ASM1683946v1	k__Archaea (UID2)	207	149	107	21	127	1	0	0	0	85.05	0.93	0.00
GCA_016839505_1_ASM1683950v1	k__Archaea (UID2)	207	149	107	33	112	4	0	0	0	75.93	2.80	0.00
GCA_016839515_1_ASM1683951v1	k__Archaea (UID2)	207	149	107	9	139	1	0	0	0	93.61	0.93	0.00
GCA_016839545_1_ASM1683954v1	k__Archaea (UID2)	207	149	107	30	119	0	0	0	0	77.43	0.00	0.00
GCA_016839555_1_ASM1683955v1	k__Archaea (UID2)	207	149	107	9	138	2	0	0	0	92.52	0.93	0.00
GCA_016839585_1_ASM1683958v1	k__Archaea (UID2)	207	149	107	23	124	2	0	0	0	81.46	0.93	0.00
GCA_016839605_1_ASM1683960v1	k__Archaea (UID2)	207	149	107	21	126	2	0	0	0	84.90	1.40	0.00
GCA_016839625_1_ASM1683962v1	k__Archaea (UID2)	207	149	107	30	118	1	0	0	0	80.61	0.93	0.00
GCA_016839635_1_ASM1683963v1	k__Archaea (UID2)	207	149	107	38	111	0	0	0	0	76.79	0.00	0.00
GCA_016839655_1_ASM1683965v1	k__Archaea (UID2)	207	149	107	21	125	3	0	0	0	82.71	1.87	0.00
GCA_016839665_1_ASM1683966v1	k__Archaea (UID2)	207	149	107	51	98	0	0	0	0	69.76	0.00	0.00
GCA_016839705_1_ASM1683970v1	k__Archaea (UID2)	207	149	107	21	127	1	0	0	0	82.40	0.93	0.00
GCA_016839745_1_ASM1683974v1	k__Archaea (UID2)	207	149	107	27	122	0	0	0	0	79.91	0.00	0.00
GCA_016839765_1_ASM1683976v1	k__Archaea (UID2)	207	149	107	24	124	1	0	0	0	82.40	0.93	0.00
GCA_016839785_1_ASM1683978v1	k__Archaea (UID2)	207	149	107	31	112	6	0	0	0	82.42	4.21	16.67
GCA_016839805_1_ASM1683980v1	k__Archaea (UID2)	207	149	107	7	142	0	0	0	0	94.86	0.00	0.00
GCA_016839815_1_ASM1683981v1	k__Archaea (UID2)	207	149	107	15	132	1	1	0	0	87.38	2.80	0.00
GCA_016839845_1_ASM1683984v1	k__Archaea (UID2)	207	149	107	19	128	1	1	0	0	85.20	1.40	0.00
GCA_016839865_1_ASM1683986v1	k__Archaea (UID2)	207	149	107	46	102	1	0	0	0	67.29	0.93	0.00
GCA_016839875_1_ASM1683987v1	k__Archaea (UID2)	207	149	107	21	127	1	0	0	0	88.28	0.93	0.00
GCA_016839905_1_ASM1683990v1	k__Archaea (UID2)	207	149	107	15	126	8	0	0	0	89.10	4.91	37.50
GCA_016839915_1_ASM1683991v1	k__Archaea (UID2)	207	149	107	14	134	1	0	0	0	89.25	0.93	0.00
GCA_016839945_1_ASM1683994v1	k__Archaea (UID2)	207	149	107	19	129	1	0	0	0	88.40	0.47	0.00
GCA_016839955_1_ASM1683995v1	k__Archaea (UID2)	207	149	107	40	107	2	0	0	0	78.04	1.87	0.00
GCA_016839985_1_ASM1683998v1	k__Archaea (UID2)	207	149	107	35	113	1	0	0	0	76.64	0.47	0.00
GCA_016839995_1_ASM1683999v1	k__Archaea (UID2)	207	149	107	29	120	0	0	0	0	83.47	0.00	0.00
GCA_016840025_1_ASM1684002v1	k__Archaea (UID2)	207	149	107	22	125	2	0	0	0	85.91	1.87	0.00
GCA_016840035_1_ASM1684003v1	k__Archaea (UID2)	207	149	107	15	133	1	0	0	0	88.01	0.93	0.00
GCA_016840065_1_ASM1684006v1	k__Archaea (UID2)	207	149	107	15	134	0	0	0	0	88.32	0.00	0.00
GCA_016840085_1_ASM1684008v1	k__Archaea (UID2)	207	149	107	20	126	3	0	0	0	86.60	2.80	0.00
GCA_016840095_1_ASM1684009v1	k__Archaea (UID2)	207	149	107	9	138	2	0	0	0	92.52	1.40	0.00
GCA_016840125_1_ASM1684012v1	k__Archaea (UID2)	207	149	107	9	130	10	0	0	0	92.99	8.26	10.00
GCA_016840135_1_ASM1684013v1	k__Archaea (UID2)	207	149	107	22	127	0	0	0	0	82.24	0.00	0.00
GCA_016840165_1_ASM1684016v1	k__Archaea (UID2)	207	149	107	16	132	1	0	0	0	87.85	0.93	0.00
GCA_016840185_1_ASM1684018v1	k__Archaea (UID2)	207	149	107	18	124	7	0	0	0	87.85	4.44	57.14
GCA_016840245_1_ASM1684024v1	k__Archaea (UID2)	207	149	107	33	116	0	0	0	0	80.27	0.00	0.00
GCA_016840265_1_ASM1684026v1	k__Archaea (UID2)	207	149	107	46	91	11	0	1	0	71.38	9.09	0.00
GCA_016840285_1_ASM1684028v1	k__Archaea (UID2)	207	149	107	13	134	2	0	0	0	90.19	1.25	0.00
GCA_016840305_1_ASM1684030v1	k__Archaea (UID2)	207	149	107	33	115	1	0	0	0	81.78	0.93	0.00
GCA_016840315_1_ASM1684031v1	k__Archaea (UID2)	207	149	107	33	116	0	0	0	0	75.78	0.00	0.00
GCA_016840345_1_ASM1684034v1	k__Archaea (UID2)	207	149	107	70	73	6	0	0	0	55.66	2.95	66.67
GCA_016840365_1_ASM1684036v1	k__Archaea (UID2)	207	149	107	37	106	6	0	0	0	73.87	5.14	33.33
GCA_016840385_1_ASM1684038v1	k__Archaea (UID2)	207	149	107	14	124	11	0	0	0	91.98	3.31	36.36
GCA_016840405_1_ASM1684040v1	k__Archaea (UID2)	207	149	107	9	137	3	0	0	0	92.99	1.87	0.00
GCA_016840425_1_ASM1684042v1	k__Archaea (UID2)	207	149	107	10	132	6	1	0	0	92.52	4.05	33.33
GCA_016840435_1_ASM1684043v1	k__Archaea (UID2)	207	149	107	44	104	1	0	0	0	66.82	0.47	0.00
GCA_016840465_1_ASM1684046v1	k__Archaea (UID2)	207	149	107	8	135	6	0	0	0	93.93	3.74	0.00
GCA_016840485_1_ASM1684048v1	k__Archaea (UID2)	207	149	107	12	126	11	0	0	0	91.67	7.01	0.00
GCA_016840505_1_ASM1684050v1	k__Archaea (UID2)	207	149	107	45	91	13	0	0	0	71.47	6.78	0.00
GCA_016840515_1_ASM1684051v1	k__Archaea (UID2)	207	149	107	7	134	8	0	0	0	95.02	5.61	0.00
GCA_016840545_1_ASM1684054v1	k__Archaea (UID2)	207	149	107	34	113	2	0	0	0	74.45	1.40	0.00
GCA_016840565_1_ASM1684056v1	k__Archaea (UID2)	207	149	107	59	75	15	0	0	0	61.21	2.73	66.67
GCA_016840585_1_ASM1684058v1	k__Archaea (UID2)	207	149	107	20	123	6	0	0	0	87.38	4.67	50.00
GCA_016840595_1_ASM1684059v1	k__Archaea (UID2)	207	149	107	61	86	2	0	0	0	59.93	0.93	0.00
GCA_016840625_1_ASM1684062v1	k__Archaea (UID2)	207	149	107	26	111	12	0	0	0	86.96	8.55	8.33
GCA_016840645_1_ASM1684064v1	k__Archaea (UID2)	207	149	107	23	125	1	0	0	0	82.96	0.93	0.00
GCA_016840655_1_ASM1684065v1	k__Archaea (UID2)	207	149	107	12	132	5	0	0	0	90.65	3.27	40.00
GCA_016840685_1_ASM1684068v1	k__Archaea (UID2)	207	149	107	8	137	4	0	0	0	94.39	3.27	0.00
GCA_016840695_1_ASM1684069v1	k__Archaea (UID2)	207	149	107	50	98	1	0	0	0	63.73	0.93	0.00
GCA_016840725_1_ASM1684072v1	k__Archaea (UID2)	207	149	107	20	116	13	0	0	0	85.05	6.54	15.38
GCA_016840745_1_ASM1684074v1	k__Archaea (UID2)	207	149	107	35	103	11	0	0	0	72.59	4.64	9.09
GCA_016840765_1_ASM1684076v1	k__Archaea (UID2)	207	149	107	36	106	7	0	0	0	79.76	5.14	42.86
GCA_016840785_1_ASM1684078v1	k__Archaea (UID2)	207	149	107	23	125	1	0	0	0	80.84	0.47	0.00
GCA_016840795_1_ASM1684079v1	k__Archaea (UID2)	207	149	107	13	132	4	0	0	0	89.72	3.27	0.00
GCA_016840825_1_ASM1684082v1	k__Archaea (UID2)	207	149	107	19	130	0	0	0	0	85.91	0.00	0.00
GCA_016840845_1_ASM1684084v1	k__Archaea (UID2)	207	149	107	47	96	6	0	0	0	72.54	4.52	66.67
GCA_016840855_1_ASM1684085v1	k__Archaea (UID2)	207	149	107	20	128	1	0	0	0	85.05	0.93	0.00
GCA_016840885_1_ASM1684088v1	k__Archaea (UID2)	207	149	107	35	103	11	0	0	0	71.73	6.31	27.27
GCA_016840905_1_ASM1684090v1	k__Archaea (UID2)	207	149	107	49	100	0	0	0	0	68.15	0.00	0.00
GCA_016840925_1_ASM1684092v1	k__Archaea (UID2)	207	149	107	38	111	0	0	0	0	68.69	0.00	0.00
GCA_016840945_1_ASM1684094v1	k__Archaea (UID2)	207	149	107	16	132	1	0	0	0	85.98	0.47	0.00
GCA_016840965_1_ASM1684096v1	k__Archaea (UID2)	207	149	107	38	109	2	0	0	0	72.90	1.40	50.00
GCA_016840985_1_ASM1684098v1	k__Archaea (UID2)	207	149	107	26	113	10	0	0	0	79.91	4.19	0.00
GCA_016841005_1_ASM1684100v1	k__Archaea (UID2)	207	149	107	45	103	1	0	0	0	68.69	0.93	0.00
GCA_016926735_1_ASM1692673v1	k__Archaea (UID2)	207	149	107	11	132	6	0	0	0	90.65	5.14	0.00
GCA_016927615_1_ASM1692761v1	k__Archaea (UID2)	207	149	107	24	115	10	0	0	0	86.45	7.94	10.00
GCA_016930515_1_ASM1693051v1	k__Archaea (UID2)	207	149	107	18	127	3	1	0	0	85.98	2.34	0.00
GCA_016932935_1_ASM1693293v1	k__Archaea (UID2)	207	149	107	34	110	5	0	0	0	81.13	3.74	0.00
GCA_016933055_1_ASM1693305v1	k__Archaea (UID2)	207	149	107	7	137	5	0	0	0	94.39	4.21	0.00
GCA_016933575_1_ASM1693357v1	k__Archaea (UID2)	207	149	107	17	124	8	0	0	0	86.92	4.42	0.00
GCA_017654525_1_ASM1765452v1	k__Archaea (UID2)	207	149	107	40	105	4	0	0	0	73.22	3.27	0.00
GCA_018238085_1_ASM1823808v1	k__Archaea (UID2)	207	149	107	50	91	8	0	0	0	66.31	6.54	0.00
GCA_018238095_1_ASM1823809v1	k__Archaea (UID2)	207	149	107	17	123	8	1	0	0	85.98	6.46	18.18
GCA_018238125_1_ASM1823812v1	k__Archaea (UID2)	207	149	107	45	97	7	0	0	0	65.19	5.61	0.00
GCA_018238145_1_ASM1823814v1	k__Archaea (UID2)	207	149	107	26	114	9	0	0	0	79.92	5.68	22.22
GCA_018238155_1_ASM1823815v1	k__Archaea (UID2)	207	149	107	7	132	10	0	0	0	94.39	7.94	0.00
GCA_018238185_1_ASM1823818v1	k__Archaea (UID2)	207	149	107	23	120	6	0	0	0	86.92	4.21	16.67
GCA_018238205_1_ASM1823820v1	k__Archaea (UID2)	207	149	107	7	134	8	0	0	0	94.86	4.74	0.00
GCA_018238215_1_ASM1823821v1	k__Archaea (UID2)	207	149	107	8	134	6	1	0	0	93.93	6.54	44.44
GCA_018238245_1_ASM1823824v1	k__Archaea (UID2)	207	149	107	24	107	10	8	0	0	81.31	5.57	11.76
GCA_018238265_1_ASM1823826v1	k__Archaea (UID2)	207	149	107	12	124	11	2	0	0	91.12	9.96	29.41
GCA_018238285_1_ASM1823828v1	k__Archaea (UID2)	207	149	107	15	126	8	0	0	0	88.79	4.82	37.50
GCA_018238305_1_ASM1823830v1	k__Archaea (UID2)	207	149	107	10	129	10	0	0	0	91.59	6.23	30.00
GCA_018238315_1_ASM1823831v1	k__Archaea (UID2)	207	149	107	50	86	13	0	0	0	67.68	9.81	7.69
GCA_018238345_1_ASM1823834v1	k__Archaea (UID2)	207	149	107	18	125	6	0	0	0	86.92	3.74	0.00
GCA_018238365_1_ASM1823836v1	k__Archaea (UID2)	207	149	107	55	94	0	0	0	0	65.20	0.00	0.00
GCA_018238375_1_ASM1823837v1	k__Archaea (UID2)	207	149	107	10	135	4	0	0	0	92.06	3.27	25.00
GCA_018238405_1_ASM1823840v1	k__Archaea (UID2)	207	149	107	48	84	17	0	0	0	65.73	7.51	35.29
GCA_018238425_1_ASM1823842v1	k__Archaea (UID2)	207	149	107	53	87	8	1	0	0	62.72	5.45	45.45
GCA_018238445_1_ASM1823844v1	k__Archaea (UID2)	207	149	107	8	135	6	0	0	0	93.93	4.21	0.00
GCA_018238455_1_ASM1823845v1	k__Archaea (UID2)	207	149	107	56	85	8	0	0	0	61.95	6.54	25.00
GCA_018238465_1_ASM1823846v1	k__Archaea (UID2)	207	149	107	54	94	1	0	0	0	66.47	0.93	0.00
GCA_018238505_1_ASM1823850v1	k__Archaea (UID2)	207	149	107	41	97	11	0	0	0	77.46	9.35	18.18
GCA_018238525_1_ASM1823852v1	k__Archaea (UID2)	207	149	107	17	129	2	1	0	0	87.31	3.27	20.00
GCA_018238545_1_ASM1823854v1	k__Archaea (UID2)	207	149	107	7	137	4	1	0	0	94.39	4.21	0.00
GCA_018238565_1_ASM1823856v1	k__Archaea (UID2)	207	149	107	42	97	8	2	0	0	69.96	8.88	42.86
GCA_018238575_1_ASM1823857v1	k__Archaea (UID2)	207	149	107	26	120	3	0	0	0	82.94	1.71	33.33
GCA_018238585_1_ASM1823858v1	k__Archaea (UID2)	207	149	107	8	137	3	1	0	0	93.46	3.74	0.00
GCA_018238625_1_ASM1823862v1	k__Archaea (UID2)	207	149	107	14	130	5	0	0	0	89.72	3.27	0.00
GCA_018238645_1_ASM1823864v1	k__Archaea (UID2)	207	149	107	18	124	6	1	0	0	88.79	6.07	0.00
GCA_018238665_1_ASM1823866v1	k__Archaea (UID2)	207	149	107	28	116	5	0	0	0	79.83	4.21	20.00
GCA_018238685_1_ASM1823868v1	k__Archaea (UID2)	207	149	107	26	119	4	0	0	0	82.24	3.12	50.00
GCA_018238705_1_ASM1823870v1	k__Archaea (UID2)	207	149	107	43	100	6	0	0	0	70.48	3.65	33.33
GCA_018238725_1_ASM1823872v1	k__Archaea (UID2)	207	149	107	14	126	8	1	0	0	89.25	5.68	36.36
GCA_018238745_1_ASM1823874v1	k__Archaea (UID2)	207	149	107	11	133	4	1	0	0	91.12	3.27	0.00
GCA_018238755_1_ASM1823875v1	k__Archaea (UID2)	207	149	107	35	111	3	0	0	0	78.46	1.87	0.00
GCA_018238765_1_ASM1823876v1	k__Archaea (UID2)	207	149	107	38	104	7	0	0	0	71.81	6.54	28.57
GCA_018238805_1_ASM1823880v1	k__Archaea (UID2)	207	149	107	13	129	7	0	0	0	88.79	5.14	14.29
GCA_018238825_1_ASM1823882v1	k__Archaea (UID2)	207	149	107	11	133	4	1	0	0	92.06	4.21	0.00
GCA_018238845_1_ASM1823884v1	k__Archaea (UID2)	207	149	107	49	96	4	0	0	0	64.26	2.80	25.00
GCA_018238865_1_ASM1823886v1	k__Archaea (UID2)	207	149	107	48	99	2	0	0	0	69.59	1.40	0.00
GCA_018238885_1_ASM1823888v1	k__Archaea (UID2)	207	149	107	31	115	3	0	0	0	79.76	1.87	0.00
GCA_018238895_1_ASM1823889v1	k__Archaea (UID2)	207	149	107	23	111	14	1	0	0	82.33	9.96	23.53
GCA_018238925_1_ASM1823892v1	k__Archaea (UID2)	207	149	107	27	114	8	0	0	0	78.97	3.04	12.50
GCA_018238935_1_ASM1823893v1	k__Archaea (UID2)	207	149	107	12	122	14	1	0	0	91.52	9.79	70.59
GCA_018238965_1_ASM1823896v1	k__Archaea (UID2)	207	149	107	24	117	8	0	0	0	81.15	4.52	12.50
GCA_018238985_1_ASM1823898v1	k__Archaea (UID2)	207	149	107	45	101	3	0	0	0	68.87	1.47	0.00
GCA_018239005_1_ASM1823900v1	k__Archaea (UID2)	207	149	107	45	100	4	0	0	0	65.04	2.65	25.00
GCA_018239015_1_ASM1823901v1	k__Archaea (UID2)	207	149	107	9	128	12	0	0	0	93.46	8.25	0.00
GCA_018335335_1_ASM1833533v1	k__Archaea (UID2)	207	149	107	8	135	5	1	0	0	93.93	4.67	0.00
GCA_018623815_1_ASM1862381v1	k__Archaea (UID2)	207	149	107	28	118	3	0	0	0	81.31	2.18	66.67
GCA_019057385_1_ASM1905738v1	k__Archaea (UID2)	207	149	107	8	136	5	0	0	0	94.08	3.74	0.00
GCA_019057735_1_ASM1905773v1	k__Archaea (UID2)	207	149	107	26	117	6	0	0	0	80.37	4.21	33.33
GCA_019057745_1_ASM1905774v1	k__Archaea (UID2)	207	149	107	55	94	0	0	0	0	62.03	0.00	0.00
GCA_019057775_1_ASM1905777v1	k__Archaea (UID2)	207	149	107	14	127	8	0	0	0	89.25	5.61	0.00
GCA_019057795_1_ASM1905779v1	k__Archaea (UID2)	207	149	107	7	136	6	0	0	0	94.39	4.21	0.00
GCA_019057815_1_ASM1905781v1	k__Archaea (UID2)	207	149	107	6	138	4	1	0	0	95.33	4.21	0.00
GCA_019057835_1_ASM1905783v1	k__Archaea (UID2)	207	149	107	37	104	8	0	0	0	74.45	5.14	0.00
GCA_019057855_1_ASM1905785v1	k__Archaea (UID2)	207	149	107	31	113	5	0	0	0	75.56	3.74	0.00
GCA_019057865_1_ASM1905786v1	k__Archaea (UID2)	207	149	107	13	132	4	0	0	0	89.88	3.27	0.00
GCA_019057895_1_ASM1905789v1	k__Archaea (UID2)	207	149	107	30	112	6	1	0	0	77.88	6.54	0.00
GCA_019057915_1_ASM1905791v1	k__Archaea (UID2)	207	149	107	37	107	5	0	0	0	73.70	2.72	0.00
GCA_019057935_1_ASM1905793v1	k__Archaea (UID2)	207	149	107	58	89	2	0	0	0	57.66	1.87	50.00
GCA_019057955_1_ASM1905795v1	k__Archaea (UID2)	207	149	107	19	127	3	0	0	0	85.51	1.87	33.33
GCA_019057975_1_ASM1905797v1	k__Archaea (UID2)	207	149	107	32	108	8	1	0	0	77.51	5.45	9.09
GCA_019057995_1_ASM1905799v1	k__Archaea (UID2)	207	149	107	16	124	9	0	0	0	88.47	6.54	0.00
GCA_019058015_1_ASM1905801v1	k__Archaea (UID2)	207	149	107	12	130	7	0	0	0	91.74	4.21	28.57
GCA_019058035_1_ASM1905803v1	k__Archaea (UID2)	207	149	107	16	125	7	1	0	0	88.47	5.37	20.00
GCA_019058055_1_ASM1905805v1	k__Archaea (UID2)	207	149	107	20	124	4	1	0	0	87.25	4.28	42.86
GCA_019058075_1_ASM1905807v1	k__Archaea (UID2)	207	149	107	24	120	5	0	0	0	80.92	4.21	20.00
GCA_019058095_1_ASM1905809v1	k__Archaea (UID2)	207	149	107	11	133	5	0	0	0	91.28	4.21	20.00
GCA_019058135_1_ASM1905813v1	k__Archaea (UID2)	207	149	107	19	125	3	2	0	0	85.36	4.21	11.11
GCA_019058155_1_ASM1905815v1	k__Archaea (UID2)	207	149	107	59	84	6	0	0	0	54.37	3.27	0.00
GCA_019058165_1_ASM1905816v1	k__Archaea (UID2)	207	149	107	14	127	8	0	0	0	91.30	6.54	0.00
GCA_019058195_1_ASM1905819v1	k__Archaea (UID2)	207	149	107	7	132	10	0	0	0	94.39	7.94	0.00
GCA_019058215_1_ASM1905821v1	k__Archaea (UID2)	207	149	107	12	127	9	1	0	0	90.81	6.22	33.33
GCA_019058235_1_ASM1905823v1	k__Archaea (UID2)	207	149	107	62	84	3	0	0	0	56.64	2.34	0.00
GCA_019058245_1_ASM1905824v1	k__Archaea (UID2)	207	149	107	34	113	2	0	0	0	73.52	1.40	0.00
GCA_019058275_1_ASM1905827v1	k__Archaea (UID2)	207	149	107	6	134	9	0	0	0	95.33	7.01	0.00
GCA_019058295_1_ASM1905829v1	k__Archaea (UID2)	207	149	107	45	102	2	0	0	0	69.52	0.93	0.00
GCA_019058315_1_ASM1905831v1	k__Archaea (UID2)	207	149	107	6	135	8	0	0	0	95.33	4.74	0.00
GCA_019058355_1_ASM1905835v1	k__Archaea (UID2)	207	149	107	21	110	16	1	1	0	83.18	9.92	24.00
GCA_019058365_1_ASM1905836v1	k__Archaea (UID2)	207	149	107	10	135	4	0	0	0	91.59	2.80	0.00
GCA_019058395_1_ASM1905839v1	k__Archaea (UID2)	207	149	107	17	127	4	0	1	0	86.92	4.21	0.00
GCA_019058415_1_ASM1905841v1	k__Archaea (UID2)	207	149	107	58	85	6	0	0	0	66.82	4.67	0.00
GCA_019058425_1_ASM1905842v1	k__Archaea (UID2)	207	149	107	14	128	7	0	0	0	89.41	5.14	0.00
GCA_019058445_1_ASM1905844v1	k__Archaea (UID2)	207	149	107	19	127	2	1	0	0	85.05	1.87	20.00
GCA_019058475_1_ASM1905847v1	k__Archaea (UID2)	207	149	107	66	83	0	0	0	0	52.44	0.00	0.00
GCA_019058495_1_ASM1905849v1	k__Archaea (UID2)	207	149	107	6	139	4	0	0	0	95.48	3.74	25.00
GCA_019058515_1_ASM1905851v1	k__Archaea (UID2)	207	149	107	15	130	4	0	0	0	88.79	2.80	0.00
GCA_019058535_1_ASM1905853v1	k__Archaea (UID2)	207	149	107	9	135	5	0	0	0	93.15	3.74	0.00
GCA_019058555_1_ASM1905855v1	k__Archaea (UID2)	207	149	107	73	76	0	0	0	0	51.04	0.00	0.00
GCA_019058575_1_ASM1905857v1	k__Archaea (UID2)	207	149	107	23	123	3	0	0	0	83.64	2.34	33.33
GCA_019894655_1_ASM1989465v1	k__Archaea (UID2)	207	149	107	59	88	2	0	0	0	58.21	1.40	50.00
GCA_019894665_1_ASM1989466v1	k__Archaea (UID2)	207	149	107	14	127	7	1	0	0	88.32	4.74	20.00
GCA_019894685_1_ASM1989468v1	k__Archaea (UID2)	207	149	107	39	102	8	0	0	0	69.16	5.37	37.50
GCA_019894715_1_ASM1989471v1	k__Archaea (UID2)	207	149	107	14	132	3	0	0	0	88.79	2.34	0.00
GCA_019894735_1_ASM1989473v1	k__Archaea (UID2)	207	149	107	22	123	4	0	0	0	84.51	3.27	0.00
GCA_019894755_1_ASM1989475v1	k__Archaea (UID2)	207	149	107	44	98	7	0	0	0	65.42	2.40	28.57
GCA_019894765_1_ASM1989476v1	k__Archaea (UID2)	207	149	107	10	129	10	0	0	0	91.59	7.94	0.00
GCA_019894795_1_ASM1989479v1	k__Archaea (UID2)	207	149	107	9	136	3	1	0	0	93.22	3.27	0.00
GCA_019894815_1_ASM1989481v1	k__Archaea (UID2)	207	149	107	31	111	7	0	0	0	75.78	3.02	0.00
GCA_019894835_1_ASM1989483v1	k__Archaea (UID2)	207	149	107	59	87	3	0	0	0	64.64	2.34	0.00
GCA_019894855_1_ASM1989485v1	k__Archaea (UID2)	207	149	107	28	116	5	0	0	0	78.90	2.80	20.00
GCA_019894875_1_ASM1989487v1	k__Archaea (UID2)	207	149	107	23	121	5	0	0	0	83.33	4.21	0.00
GCA_019894885_1_ASM1989488v1	k__Archaea (UID2)	207	149	107	38	106	5	0	0	0	73.14	3.74	20.00
GCA_019894955_1_ASM1989495v1	k__Archaea (UID2)	207	149	107	23	123	3	0	0	0	81.31	2.34	0.00
GCA_019894975_1_ASM1989497v1	k__Archaea (UID2)	207	149	107	14	128	7	0	0	0	88.32	5.14	0.00
GCA_020343655_1_ASM2034365v1	k__Archaea (UID2)	207	149	107	26	119	4	0	0	0	79.91	2.34	25.00
GCA_020344955_1_ASM2034495v1	k__Archaea (UID2)	207	149	107	25	120	4	0	0	0	80.84	2.34	0.00
GCA_020348965_1_ASM2034896v1	k__Archaea (UID2)	207	149	107	42	105	2	0	0	0	74.57	1.40	0.00
GCA_020348985_1_ASM2034898v1	k__Archaea (UID2)	207	149	107	20	124	4	1	0	0	84.04	3.74	0.00
GCA_020351745_1_ASM2035174v1	k__Archaea (UID2)	207	149	107	44	104	1	0	0	0	69.16	0.93	0.00
GCA_020353515_1_ASM2035351v1	k__Archaea (UID2)	207	149	107	8	136	5	0	0	0	92.99	3.74	0.00
GCA_020355105_1_ASM2035510v1	k__Archaea (UID2)	207	149	107	35	109	5	0	0	0	80.91	4.21	40.00
GCA_021158895_1_ASM2115889v1	k__Archaea (UID2)	207	149	107	20	124	5	0	0	0	85.67	3.74	0.00
GCA_021160805_1_ASM2116080v1	k__Archaea (UID2)	207	149	107	67	82	0	0	0	0	52.19	0.00	0.00
GCA_021161985_1_ASM2116198v1	k__Archaea (UID2)	207	149	107	30	105	12	2	0	0	75.23	7.44	5.56
GCA_021162905_1_ASM2116290v1	k__Archaea (UID2)	207	149	107	21	122	4	2	0	0	81.31	5.14	0.00
GCA_021163045_1_ASM2116304v1	k__Archaea (UID2)	207	149	107	25	120	4	0	0	0	78.66	2.80	50.00
GCA_021498085_1_ASM2149808v1	k__Archaea (UID2)	207	149	107	7	134	8	0	0	0	94.86	6.07	0.00
GCA_021498095_1_ASM2149809v1	k__Archaea (UID2)	207	149	107	8	137	4	0	0	0	93.93	3.27	0.00
GCA_021498125_1_ASM2149812v1	k__Archaea (UID2)	207	149	107	7	137	5	0	0	0	95.33	3.74	0.00
GCA_021513695_1_ASM2151369v1	k__Archaea (UID2)	207	149	107	8	136	5	0	0	0	93.46	2.65	20.00
GCA_021513715_1_ASM2151371v1	k__Archaea (UID2)	207	149	107	6	139	4	0	0	0	95.33	2.34	0.00
GCA_022574115_1_ASM2257411v1	k__Archaea (UID2)	207	149	107	45	103	1	0	0	0	71.30	0.47	0.00
GCA_022866525_1_ASM2286652v1	k__Archaea (UID2)	207	149	107	24	116	8	1	0	0	81.15	7.48	54.55
GCA_023127985_1_ASM2312798v1	k__Archaea (UID2)	207	149	107	58	89	2	0	0	0	62.45	1.40	50.00
GCA_023128215_1_ASM2312821v1	k__Archaea (UID2)	207	149	107	42	104	2	1	0	0	70.50	2.80	20.00
GCA_023128465_1_ASM2312846v1	k__Archaea (UID2)	207	149	107	50	88	11	0	0	0	62.02	8.33	18.18
GCA_023128565_1_ASM2312856v1	k__Archaea (UID2)	207	149	107	48	100	1	0	0	0	70.93	0.93	0.00
GCA_023128605_1_ASM2312860v1	k__Archaea (UID2)	207	149	107	55	89	5	0	0	0	60.77	2.01	40.00
GCA_023128635_1_ASM2312863v1	k__Archaea (UID2)	207	149	107	44	100	5	0	0	0	75.77	3.74	0.00
GCA_023129395_1_ASM2312939v1	k__Archaea (UID2)	207	149	107	47	96	6	0	0	0	68.67	5.14	33.33
GCA_023129495_1_ASM2312949v1	k__Archaea (UID2)	207	149	107	55	93	1	0	0	0	62.04	0.93	0.00
GCA_023131185_1_ASM2313118v1	k__Archaea (UID2)	207	149	107	53	85	11	0	0	0	66.33	5.84	54.55
GCA_023132455_1_ASM2313245v1	k__Archaea (UID2)	207	149	107	28	115	6	0	0	0	78.59	3.81	0.00
GCA_023132955_1_ASM2313295v1	k__Archaea (UID2)	207	149	107	9	133	7	0	0	0	92.52	4.21	14.29
GCA_023133715_1_ASM2313371v1	k__Archaea (UID2)	207	149	107	38	110	1	0	0	0	70.81	0.93	0.00
GCA_023134215_1_ASM2313421v1	k__Archaea (UID2)	207	149	107	65	84	0	0	0	0	62.22	0.00	0.00
GCA_023134625_1_ASM2313462v1	k__Archaea (UID2)	207	149	107	42	104	3	0	0	0	69.47	2.80	0.00
GCA_023134855_1_ASM2313485v1	k__Archaea (UID2)	207	149	107	46	98	4	1	0	0	67.32	4.67	14.29
GCA_023135215_1_ASM2313521v1	k__Archaea (UID2)	207	149	107	9	138	2	0	0	0	92.52	1.40	0.00
GCA_023135665_1_ASM2313566v1	k__Archaea (UID2)	207	149	107	49	98	1	1	0	0	63.01	2.34	0.00
GCA_023136245_1_ASM2313624v1	k__Archaea (UID2)	207	149	107	30	116	3	0	0	0	82.67	2.34	0.00
GCA_023136515_1_ASM2313651v1	k__Archaea (UID2)	207	149	107	59	87	3	0	0	0	60.25	1.87	33.33
GCA_023137035_1_ASM2313703v1	k__Archaea (UID2)	207	149	107	41	102	6	0	0	0	68.62	3.97	33.33
GCA_023137225_1_ASM2313722v1	k__Archaea (UID2)	207	149	107	40	107	2	0	0	0	73.95	1.87	0.00
GCA_023139025_1_ASM2313902v1	k__Archaea (UID2)	207	149	107	18	129	2	0	0	0	86.45	0.93	0.00
GCA_023139085_1_ASM2313908v1	k__Archaea (UID2)	207	149	107	55	93	1	0	0	0	60.07	0.93	0.00
GCA_023139145_1_ASM2313914v1	k__Archaea (UID2)	207	149	107	50	89	9	1	0	0	64.34	5.10	8.33
GCA_023139155_1_ASM2313915v1	k__Archaea (UID2)	207	149	107	48	95	6	0	0	0	72.26	4.21	0.00
GCA_023139415_1_ASM2313941v1	k__Archaea (UID2)	207	149	107	49	99	1	0	0	0	68.82	0.93	0.00
GCA_023139815_1_ASM2313981v1	k__Archaea (UID2)	207	149	107	46	95	7	1	0	0	77.17	6.07	30.00
GCA_023139955_1_ASM2313995v1	k__Archaea (UID2)	207	149	107	54	80	15	0	0	0	61.69	9.48	40.00
GCA_023140315_1_ASM2314031v1	k__Archaea (UID2)	207	149	107	43	102	4	0	0	0	67.60	1.71	25.00
GCA_023140335_1_ASM2314033v1	k__Archaea (UID2)	207	149	107	46	100	3	0	0	0	68.88	2.34	0.00
GCA_023140375_1_ASM2314037v1	k__Archaea (UID2)	207	149	107	42	102	4	1	0	0	70.27	4.05	42.86
GCA_023141005_1_ASM2314100v1	k__Archaea (UID2)	207	149	107	55	91	3	0	0	0	65.85	2.34	33.33
GCA_023142255_1_ASM2314225v1	k__Archaea (UID2)	207	149	107	56	90	3	0	0	0	61.34	1.71	33.33
GCA_023143835_1_ASM2314383v1	k__Archaea (UID2)	207	149	107	40	103	6	0	0	0	70.88	2.79	50.00
GCA_023270155_1_ASM2327015v1	k__Archaea (UID2)	207	149	107	17	132	0	0	0	0	85.51	0.00	0.00
GCA_024275415_1_ASM2427541v1	k__Archaea (UID2)	207	149	107	8	133	8	0	0	0	94.39	4.98	25.00
GCA_024276395_1_ASM2427639v1	k__Archaea (UID2)	207	149	107	22	125	2	0	0	0	84.35	1.40	0.00
GCA_024276795_1_ASM2427679v1	k__Archaea (UID2)	207	149	107	20	126	3	0	0	0	87.07	2.34	33.33
GCA_024276825_1_ASM2427682v1	k__Archaea (UID2)	207	149	107	6	138	5	0	0	0	95.79	3.27	0.00
GCA_024278115_1_ASM2427811v1	k__Archaea (UID2)	207	149	107	26	119	4	0	0	0	81.16	2.88	25.00
GCA_024280435_1_ASM2428043v1	k__Archaea (UID2)	207	149	107	10	133	6	0	0	0	93.31	4.28	33.33
GCA_024720815_1_ASM2472081v1	k__Archaea (UID2)	207	149	107	27	121	1	0	0	0	81.09	0.47	0.00
GCA_024720835_1_ASM2472083v1	k__Archaea (UID2)	207	149	107	54	95	0	0	0	0	61.38	0.00	0.00
GCA_024720855_1_ASM2472085v1	k__Archaea (UID2)	207	149	107	28	118	3	0	0	0	80.46	1.40	0.00
GCA_024720875_1_ASM2472087v1	k__Archaea (UID2)	207	149	107	23	125	1	0	0	0	81.94	0.47	0.00
GCA_024720895_1_ASM2472089v1	k__Archaea (UID2)	207	149	107	21	126	2	0	0	0	83.81	0.93	0.00
GCA_024720915_1_ASM2472091v1	k__Archaea (UID2)	207	149	107	22	126	1	0	0	0	82.87	0.47	0.00
GCA_024720935_1_ASM2472093v1	k__Archaea (UID2)	207	149	107	22	126	1	0	0	0	82.87	0.47	0.00
GCA_024720955_1_ASM2472095v1	k__Archaea (UID2)	207	149	107	21	125	3	0	0	0	83.81	1.87	33.33
GCA_024720975_1_ASM2472097v1	k__Archaea (UID2)	207	149	107	20	127	2	0	0	0	85.21	0.93	0.00
GCA_024720985_1_ASM2472098v1	k__Archaea (UID2)	207	149	107	24	125	0	0	0	0	81.94	0.00	0.00
JZ_bin_50	k__Archaea (UID2)	207	149	107	2	144	3	0	0	0	98.13	2.80	0.00
M288	k__Archaea (UID2)	207	149	107	24	120	5	0	0	0	82.02	2.80	0.00
M3_10_Bin_237	k__Archaea (UID2)	207	149	107	55	90	4	0	0	0	63.66	2.80	0.00
M3_30_Bin_130	k__Archaea (UID2)	207	149	107	20	125	4	0	0	0	82.94	2.80	0.00
M3_30_Bin_136	k__Archaea (UID2)	207	149	107	11	135	3	0	0	0	91.12	1.87	0.00
M3_30_Bin_143	k__Archaea (UID2)	207	149	107	72	75	2	0	0	0	51.13	1.87	0.00
M3_30_Bin_165	k__Archaea (UID2)	207	149	107	32	108	9	0	0	0	75.32	4.42	44.44
M3_30_Bin_210	k__Archaea (UID2)	207	149	107	14	130	5	0	0	0	88.79	3.27	0.00
M3_30_Bin_238	k__Archaea (UID2)	207	149	107	11	133	5	0	0	0	91.59	3.74	0.00
M3_30_Bin_242	k__Archaea (UID2)	207	149	107	19	127	3	0	0	0	88.43	1.87	0.00
M3_30_Bin_276	k__Archaea (UID2)	207	149	107	22	121	6	0	0	0	87.25	5.14	33.33
M3_30_Bin_286	k__Archaea (UID2)	207	149	107	62	76	11	0	0	0	62.11	8.55	72.73
M3_30_Bin_336	k__Archaea (UID2)	207	149	107	16	129	4	0	0	0	86.60	1.87	0.00
M3_30_Bin_353	k__Archaea (UID2)	207	149	107	49	92	6	2	0	0	69.66	6.07	8.33
M3_30_Bin_364	k__Archaea (UID2)	207	149	107	14	127	7	1	0	0	89.65	6.07	20.00
M3_30_Bin_42	k__Archaea (UID2)	207	149	107	12	129	7	1	0	0	90.65	6.69	0.00
M3_30_Bin_48	k__Archaea (UID2)	207	149	107	52	83	13	1	0	0	61.30	9.42	6.25
M3_30_Bin_73	k__Archaea (UID2)	207	149	107	13	130	5	1	0	0	90.65	5.14	12.50
M3_38_Bin_107	k__Archaea (UID2)	207	149	107	12	132	5	0	0	0	90.19	3.74	0.00
M3_38_Bin_135_clean	k__Archaea (UID2)	207	149	107	38	94	14	3	0	0	72.30	8.29	8.70
M3_38_Bin_151	k__Archaea (UID2)	207	149	107	39	107	3	0	0	0	77.33	1.87	0.00
M3_38_Bin_171_clean	k__Archaea (UID2)	207	149	107	12	128	6	2	1	0	90.65	9.81	0.00
M3_38_Bin_173_clean	k__Archaea (UID2)	207	149	107	13	129	5	2	0	0	91.30	6.61	0.00
M3_38_Bin_18	k__Archaea (UID2)	207	149	107	47	99	3	0	0	0	64.97	1.87	0.00
M3_38_Bin_207	k__Archaea (UID2)	207	149	107	31	112	5	1	0	0	75.39	4.52	12.50
M3_38_Bin_22	k__Archaea (UID2)	207	149	107	38	99	12	0	0	0	80.20	8.88	25.00
M3_38_Bin_235	k__Archaea (UID2)	207	149	107	37	107	5	0	0	0	70.02	2.49	0.00
M3_38_Bin_28_clean	k__Archaea (UID2)	207	149	107	27	110	12	0	0	0	79.44	8.41	0.00
M3_38_Bin_300	k__Archaea (UID2)	207	149	107	52	88	7	2	0	0	62.69	6.54	23.08
M3_38_Bin_305	k__Archaea (UID2)	207	149	107	19	126	4	0	0	0	85.92	3.27	25.00
M3_38_Bin_335	k__Archaea (UID2)	207	149	107	17	129	3	0	0	0	88.01	1.87	0.00
M3_38_Bin_337	k__Archaea (UID2)	207	149	107	26	116	7	0	0	0	79.91	4.67	0.00
M3_38_Bin_361	k__Archaea (UID2)	207	149	107	14	132	3	0	0	0	88.94	2.80	0.00
M3_38_Bin_366_clean	k__Archaea (UID2)	207	149	107	7	132	10	0	0	0	94.86	7.17	0.00
M3_38_Bin_376	k__Archaea (UID2)	207	149	107	36	105	8	0	0	0	76.29	5.68	50.00
M3_38_Bin_380_clean	k__Archaea (UID2)	207	149	107	57	85	4	2	1	0	58.58	6.54	0.00
M3_38_Bin_382	k__Archaea (UID2)	207	149	107	65	77	7	0	0	0	58.07	4.67	57.14
M3_38_Bin_386_clean	k__Archaea (UID2)	207	149	107	62	76	11	0	0	0	57.40	8.09	0.00
M3_38_Bin_406	k__Archaea (UID2)	207	149	107	14	127	8	0	0	0	89.41	6.07	0.00
M3_38_Bin_423	k__Archaea (UID2)	207	149	107	12	125	11	1	0	0	90.19	4.24	50.00
M3_38_Bin_438	k__Archaea (UID2)	207	149	107	16	125	7	1	0	0	86.68	6.07	30.00
M3_38_Bin_452	k__Archaea (UID2)	207	149	107	57	87	5	0	0	0	60.99	4.67	20.00
M3_38_Bin_455_clean	k__Archaea (UID2)	207	149	107	19	126	3	1	0	0	85.36	4.67	0.00
M3_38_Bin_77	k__Archaea (UID2)	207	149	107	22	119	7	1	0	0	84.04	7.01	20.00
M3_38_Bin_97_clean	k__Archaea (UID2)	207	149	107	47	89	12	0	1	0	67.77	9.57	55.56
M3_44_Bin_122	k__Archaea (UID2)	207	149	107	11	134	4	0	0	0	91.59	2.34	0.00
M3_44_Bin_131	k__Archaea (UID2)	207	149	107	26	112	10	0	1	0	82.24	9.19	6.25
M3_44_Bin_221	k__Archaea (UID2)	207	149	107	12	131	6	0	0	0	90.19	4.67	16.67
M3_44_Bin_237	k__Archaea (UID2)	207	149	107	37	101	9	1	1	0	79.12	9.49	38.89
M3_44_Bin_287	k__Archaea (UID2)	207	149	107	33	101	15	0	0	0	75.55	7.05	13.33
M3_44_Bin_299	k__Archaea (UID2)	207	149	107	22	120	7	0	0	0	83.80	5.14	0.00
M3_44_Bin_309	k__Archaea (UID2)	207	149	107	26	117	4	2	0	0	87.06	6.07	10.00
M3_44_Bin_333	k__Archaea (UID2)	207	149	107	35	107	7	0	0	0	82.39	5.61	14.29
M3_44_Bin_347	k__Archaea (UID2)	207	149	107	12	132	5	0	0	0	90.19	3.74	0.00
M3_44_Bin_361	k__Archaea (UID2)	207	149	107	17	127	5	0	0	0	87.54	3.27	0.00
M3_44_Bin_376	k__Archaea (UID2)	207	149	107	15	124	9	1	0	0	88.24	8.41	8.33
M3_44_Bin_378	k__Archaea (UID2)	207	149	107	24	112	10	3	0	0	83.42	9.96	26.32
M3_44_Bin_429	k__Archaea (UID2)	207	149	107	12	128	9	0	0	0	90.19	4.67	22.22
M8_32_Bin_163	k__Archaea (UID2)	207	149	107	20	122	7	0	0	0	85.51	4.05	28.57
M8_32_Bin_172	k__Archaea (UID2)	207	149	107	38	100	10	1	0	0	70.72	3.77	38.46
M8_32_Bin_264	k__Archaea (UID2)	207	149	107	11	131	7	0	0	0	91.59	3.09	85.71
M8_32_Bin_293	k__Archaea (UID2)	207	149	107	56	88	5	0	0	0	60.36	3.34	20.00
M8_44_Bin_141	k__Archaea (UID2)	207	149	107	30	114	5	0	0	0	85.12	3.74	40.00
M8_44_Bin_15	k__Archaea (UID2)	207	149	107	34	109	5	1	0	0	73.92	3.02	12.50
M8_44_Bin_154	k__Archaea (UID2)	207	149	107	16	118	13	2	0	0	88.71	8.84	47.37
M8_44_Bin_190	k__Archaea (UID2)	207	149	107	28	110	11	0	0	0	80.15	5.43	36.36
M8_44_Bin_202	k__Archaea (UID2)	207	149	107	19	120	10	0	0	0	86.76	7.94	30.00
M8_44_Bin_219	k__Archaea (UID2)	207	149	107	15	131	3	0	0	0	88.79	1.87	0.00
M8_44_Bin_231	k__Archaea (UID2)	207	149	107	15	129	5	0	0	0	88.08	3.74	0.00
M8_44_Bin_242	k__Archaea (UID2)	207	149	107	30	115	4	0	0	0	78.97	2.80	25.00
M8_44_Bin_255	k__Archaea (UID2)	207	149	107	29	113	7	0	0	0	77.19	5.14	0.00
M8_44_Bin_295	k__Archaea (UID2)	207	149	107	24	122	3	0	0	0	83.80	2.80	33.33
M8_44_Bin_330	k__Archaea (UID2)	207	149	107	17	126	5	1	0	0	87.15	5.61	0.00
M8_44_Bin_342_clean	k__Archaea (UID2)	207	149	107	48	89	11	1	0	0	68.32	7.48	14.29
M8_44_Bin_35	k__Archaea (UID2)	207	149	107	49	86	13	1	0	0	62.80	8.38	25.00
M8_58_Bin_135	k__Archaea (UID2)	207	149	107	19	115	8	7	0	0	85.91	5.99	0.00
M8_58_Bin_146	k__Archaea (UID2)	207	149	107	14	132	3	0	0	0	89.25	1.87	0.00
M8_58_Bin_151_clean	k__Archaea (UID2)	207	149	107	44	93	11	1	0	0	71.61	8.09	14.29
M8_58_Bin_169	k__Archaea (UID2)	207	149	107	40	103	6	0	0	0	76.19	4.28	50.00
M8_58_Bin_177	k__Archaea (UID2)	207	149	107	22	116	11	0	0	0	85.12	8.72	45.45
M8_58_Bin_182_clean	k__Archaea (UID2)	207	149	107	19	122	8	0	0	0	85.83	6.54	12.50
M8_58_Bin_189_clean	k__Archaea (UID2)	207	149	107	18	123	7	1	0	0	85.51	6.54	0.00
M8_58_Bin_191_clean	k__Archaea (UID2)	207	149	107	39	104	5	1	0	0	71.65	6.07	12.50
M8_58_Bin_202	k__Archaea (UID2)	207	149	107	74	64	10	1	0	0	54.28	9.11	7.69
M8_58_Bin_246	k__Archaea (UID2)	207	149	107	72	75	2	0	0	0	51.12	1.87	0.00
M8_58_Bin_297_clean	k__Archaea (UID2)	207	149	107	46	87	16	0	0	0	67.06	9.17	25.00
M8_58_Bin_307	k__Archaea (UID2)	207	149	107	15	126	6	2	0	0	88.47	7.01	8.33
M8_58_Bin_354	k__Archaea (UID2)	207	149	107	11	132	6	0	0	0	91.74	4.67	0.00
M8_58_Bin_368	k__Archaea (UID2)	207	149	107	15	129	5	0	0	0	88.32	3.74	20.00
M8_58_Bin_389	k__Archaea (UID2)	207	149	107	48	90	11	0	0	0	64.49	7.00	27.27
M8_58_Bin_407	k__Archaea (UID2)	207	149	107	37	106	6	0	0	0	72.59	2.95	16.67
M8_58_Bin_408	k__Archaea (UID2)	207	149	107	13	131	5	0	0	0	89.49	3.74	0.00
M8_58_Bin_410	k__Archaea (UID2)	207	149	107	52	87	10	0	0	0	64.51	6.29	70.00
M8_58_Bin_497	k__Archaea (UID2)	207	149	107	19	124	6	0	0	0	84.90	2.16	50.00
M8_58_Bin_52	k__Archaea (UID2)	207	149	107	78	64	7	0	0	0	51.93	3.74	0.00
M8_58_Bin_56_clean	k__Archaea (UID2)	207	149	107	63	77	8	1	0	0	59.55	8.41	36.36
M8_58_Bin_88	k__Archaea (UID2)	207	149	107	29	111	7	2	0	0	80.78	8.88	23.08
M8_62_Bin_108_clean	k__Archaea (UID2)	207	149	107	22	116	10	1	0	0	83.64	9.81	7.69
M8_62_Bin_112	k__Archaea (UID2)	207	149	107	18	110	18	3	0	0	85.05	7.70	0.00
M8_62_Bin_113	k__Archaea (UID2)	207	149	107	18	123	8	0	0	0	85.67	6.07	12.50
M8_62_Bin_119_clean	k__Archaea (UID2)	207	149	107	57	88	4	0	0	0	61.53	2.18	0.00
M8_62_Bin_12	k__Archaea (UID2)	207	149	107	54	83	12	0	0	0	66.64	8.41	0.00
M8_62_Bin_124_clean	k__Archaea (UID2)	207	149	107	43	94	12	0	0	0	74.56	9.81	16.67
M8_62_Bin_136_clean	k__Archaea (UID2)	207	149	107	12	129	6	2	0	0	90.65	7.01	0.00
M8_62_Bin_151	k__Archaea (UID2)	207	149	107	11	134	4	0	0	0	91.12	2.34	0.00
M8_62_Bin_212	k__Archaea (UID2)	207	149	107	11	133	4	1	0	0	90.65	4.21	28.57
M8_62_Bin_21_clean	k__Archaea (UID2)	207	149	107	60	82	7	0	0	0	58.52	6.07	28.57
M8_62_Bin_225	k__Archaea (UID2)	207	149	107	18	125	6	0	0	0	85.05	4.52	16.67
M8_62_Bin_241	k__Archaea (UID2)	207	149	107	54	89	6	0	0	0	68.80	4.67	50.00
M8_62_Bin_273	k__Archaea (UID2)	207	149	107	10	130	8	1	0	0	92.52	7.79	0.00
M8_62_Bin_275	k__Archaea (UID2)	207	149	107	13	131	5	0	0	0	89.49	3.74	0.00
M8_62_Bin_303	k__Archaea (UID2)	207	149	107	64	77	8	0	0	0	60.06	5.28	12.50
M8_62_Bin_310	k__Archaea (UID2)	207	149	107	15	129	5	0	0	0	88.32	3.74	20.00
M8_62_Bin_312	k__Archaea (UID2)	207	149	107	36	108	4	1	0	0	80.45	4.67	42.86
M8_62_Bin_321	k__Archaea (UID2)	207	149	107	61	82	6	0	0	0	62.22	4.28	50.00
M8_62_Bin_362	k__Archaea (UID2)	207	149	107	41	93	15	0	0	0	71.75	7.44	0.00
M8_62_Bin_377	k__Archaea (UID2)	207	149	107	14	129	6	0	0	0	89.41	4.67	0.00
M8_62_Bin_56	k__Archaea (UID2)	207	149	107	72	77	0	0	0	0	50.25	0.00	0.00
M8_62_Bin_65	k__Archaea (UID2)	207	149	107	33	107	7	2	0	0	78.06	8.88	15.38
M8_62_Bin_8	k__Archaea (UID2)	207	149	107	58	89	2	0	0	0	62.47	0.93	0.00
M8_62_Bin_80_clean	k__Archaea (UID2)	207	149	107	34	104	11	0	0	0	76.73	8.02	27.27
M8_62_Bin_83	k__Archaea (UID2)	207	149	107	60	82	7	0	0	0	57.87	4.52	71.43
Meg19_1012_Bin_106	k__Archaea (UID2)	207	149	107	74	71	4	0	0	0	52.92	3.27	50.00
Meg19_1012_Bin_144	k__Archaea (UID2)	207	149	107	64	85	0	0	0	0	57.28	0.00	0.00
Meg19_1012_Bin_162	k__Archaea (UID2)	207	149	107	34	110	5	0	0	0	73.45	3.74	40.00
Meg19_1012_Bin_170	k__Archaea (UID2)	207	149	107	10	133	6	0	0	0	92.52	4.05	16.67
Meg19_1012_Bin_19	k__Archaea (UID2)	207	149	107	41	102	6	0	0	0	72.69	5.14	16.67
Meg19_1012_Bin_206	k__Archaea (UID2)	207	149	107	33	110	6	0	0	0	75.78	5.61	0.00
Meg19_1012_Bin_225	k__Archaea (UID2)	207	149	107	37	111	1	0	0	0	72.27	0.47	100.00
Meg19_1012_Bin_228	k__Archaea (UID2)	207	149	107	15	128	6	0	0	0	88.32	4.21	0.00
Meg19_1012_Bin_246	k__Archaea (UID2)	207	149	107	18	127	4	0	0	0	85.51	2.34	0.00
Meg19_1012_Bin_34	k__Archaea (UID2)	207	149	107	65	81	2	1	0	0	56.16	2.88	40.00
Meg19_1012_Bin_417	k__Archaea (UID2)	207	149	107	10	133	6	0	0	0	91.59	3.58	16.67
Meg19_1012_Bin_444	k__Archaea (UID2)	207	149	107	18	128	2	1	0	0	85.91	3.27	0.00
Meg19_1012_Bin_476	k__Archaea (UID2)	207	149	107	62	79	8	0	0	0	60.39	6.07	25.00
Meg19_1012_Bin_489	k__Archaea (UID2)	207	149	107	12	129	8	0	0	0	89.72	5.28	0.00
Meg19_1012_Bin_49	k__Archaea (UID2)	207	149	107	45	95	9	0	0	0	68.15	4.42	0.00
Meg19_1012_Bin_504	k__Archaea (UID2)	207	149	107	16	127	6	0	0	0	85.98	3.74	0.00
Meg22_02_Bin_102	k__Archaea (UID2)	207	149	107	66	77	6	0	0	0	56.35	4.21	33.33
Meg22_02_Bin_148	k__Archaea (UID2)	207	149	107	40	106	2	0	1	0	69.08	3.11	62.50
Meg22_02_Bin_168	k__Archaea (UID2)	207	149	107	14	126	9	0	0	0	89.72	7.01	11.11
Meg22_02_Bin_38	k__Archaea (UID2)	207	149	107	53	85	10	1	0	0	62.88	8.17	30.77
Meg22_02_Bin_50	k__Archaea (UID2)	207	149	107	43	102	4	0	0	0	71.58	2.49	25.00
Meg22_1012_Bin_118	k__Archaea (UID2)	207	149	107	10	135	4	0	0	0	91.59	2.34	0.00
Meg22_1012_Bin_131	k__Archaea (UID2)	207	149	107	70	75	4	0	0	0	52.29	1.47	25.00
Meg22_1012_Bin_145	k__Archaea (UID2)	207	149	107	17	125	7	0	0	0	85.67	5.61	28.57
Meg22_1012_Bin_159	k__Archaea (UID2)	207	149	107	15	129	5	0	0	0	91.30	3.74	0.00
Meg22_1012_Bin_162	k__Archaea (UID2)	207	149	107	16	130	3	0	0	0	87.54	1.71	33.33
Meg22_1012_Bin_182	k__Archaea (UID2)	207	149	107	10	133	5	1	0	0	92.52	5.61	0.00
Meg22_1012_Bin_214	k__Archaea (UID2)	207	149	107	8	135	6	0	0	0	94.08	3.74	0.00
Meg22_1012_Bin_230	k__Archaea (UID2)	207	149	107	6	137	6	0	0	0	95.33	4.21	0.00
Meg22_1012_Bin_233	k__Archaea (UID2)	207	149	107	13	131	5	0	0	0	91.12	3.27	0.00
Meg22_1012_Bin_249	k__Archaea (UID2)	207	149	107	10	137	2	0	0	0	91.59	0.93	0.00
Meg22_1012_Bin_275	k__Archaea (UID2)	207	149	107	9	134	6	0	0	0	92.52	3.74	0.00
Meg22_1012_Bin_281	k__Archaea (UID2)	207	149	107	8	134	7	0	0	0	94.08	5.61	0.00
Meg22_1012_Bin_285	k__Archaea (UID2)	207	149	107	16	128	4	1	0	0	86.92	4.21	28.57
Meg22_1012_Bin_314	k__Archaea (UID2)	207	149	107	6	133	10	0	0	0	95.95	3.63	30.00
Meg22_1012_Bin_332	k__Archaea (UID2)	207	149	107	41	106	1	1	0	0	68.46	2.34	25.00
Meg22_1012_Bin_344	k__Archaea (UID2)	207	149	107	13	131	4	1	0	0	89.25	4.21	0.00
Meg22_1012_Bin_354	k__Archaea (UID2)	207	149	107	29	113	7	0	0	0	80.95	4.52	42.86
Meg22_1012_Bin_78	k__Archaea (UID2)	207	149	107	14	131	4	0	0	0	88.79	1.94	25.00
Meg22_1012_Bin_83	k__Archaea (UID2)	207	149	107	12	128	9	0	0	0	89.72	7.01	0.00
Meg22_1012_Bin_95	k__Archaea (UID2)	207	149	107	7	135	6	1	0	0	94.86	6.07	0.00
Meg22_1214_Bin_101	k__Archaea (UID2)	207	149	107	5	139	5	0	0	0	96.26	4.21	0.00
Meg22_1214_Bin_132	k__Archaea (UID2)	207	149	107	9	136	3	1	0	0	92.52	4.21	33.33
Meg22_1214_Bin_145	k__Archaea (UID2)	207	149	107	10	133	5	0	1	0	92.52	5.92	9.09
Meg22_1214_Bin_158	k__Archaea (UID2)	207	149	107	7	137	5	0	0	0	94.39	3.27	0.00
Meg22_1214_Bin_165	k__Archaea (UID2)	207	149	107	16	129	4	0	0	0	86.60	3.27	0.00
Meg22_1214_Bin_169	k__Archaea (UID2)	207	149	107	7	136	6	0	0	0	95.48	4.21	0.00
Meg22_1214_Bin_179	k__Archaea (UID2)	207	149	107	16	131	2	0	0	0	86.92	0.93	0.00
Meg22_1214_Bin_185	k__Archaea (UID2)	207	149	107	37	110	2	0	0	0	78.04	0.93	0.00
Meg22_1214_Bin_186	k__Archaea (UID2)	207	149	107	64	83	2	0	0	0	50.24	1.40	0.00
Meg22_1214_Bin_189	k__Archaea (UID2)	207	149	107	9	136	4	0	0	0	92.52	2.34	0.00
Meg22_1214_Bin_191	k__Archaea (UID2)	207	149	107	10	134	5	0	0	0	92.06	3.27	0.00
Meg22_1214_Bin_20	k__Archaea (UID2)	207	149	107	9	134	6	0	0	0	93.39	3.74	0.00
Meg22_1214_Bin_213	k__Archaea (UID2)	207	149	107	27	118	3	1	0	0	78.97	2.80	33.33
Meg22_1214_Bin_22	k__Archaea (UID2)	207	149	107	46	87	16	0	0	0	65.19	5.26	81.25
Meg22_1214_Bin_223	k__Archaea (UID2)	207	149	107	24	118	7	0	0	0	79.91	4.98	42.86
Meg22_1214_Bin_226	k__Archaea (UID2)	207	149	107	11	131	7	0	0	0	91.98	5.14	0.00
Meg22_1214_Bin_228	k__Archaea (UID2)	207	149	107	8	135	6	0	0	0	94.08	4.21	0.00
Meg22_1214_Bin_23	k__Archaea (UID2)	207	149	107	11	131	7	0	0	0	92.37	4.74	14.29
Meg22_1214_Bin_256	k__Archaea (UID2)	207	149	107	20	122	5	2	0	0	83.18	5.14	0.00
Meg22_1214_Bin_318	k__Archaea (UID2)	207	149	107	15	122	12	0	0	0	87.78	7.23	8.33
Meg22_1214_Bin_40	k__Archaea (UID2)	207	149	107	18	127	4	0	0	0	86.53	3.27	0.00
Meg22_1214_Bin_408	k__Archaea (UID2)	207	149	107	11	133	4	1	0	0	90.65	4.21	0.00
Meg22_1214_Bin_5	k__Archaea (UID2)	207	149	107	13	124	12	0	0	0	90.34	5.03	16.67
Meg22_1214_Bin_97	k__Archaea (UID2)	207	149	107	34	112	3	0	0	0	73.76	1.94	0.00
Meg22_1416_Bin_13	k__Archaea (UID2)	207	149	107	25	123	1	0	0	0	80.37	0.93	0.00
Meg22_1416_Bin_130	k__Archaea (UID2)	207	149	107	11	128	10	0	0	0	92.21	4.96	0.00
Meg22_1416_Bin_151	k__Archaea (UID2)	207	149	107	16	124	9	0	0	0	88.32	6.07	0.00
Meg22_1416_Bin_16	k__Archaea (UID2)	207	149	107	17	130	2	0	0	0	85.51	0.93	0.00
Meg22_1416_Bin_161	k__Archaea (UID2)	207	149	107	26	119	4	0	0	0	80.37	3.27	0.00
Meg22_1416_Bin_171	k__Archaea (UID2)	207	149	107	44	103	2	0	0	0	64.49	1.40	0.00
Meg22_1416_Bin_173	k__Archaea (UID2)	207	149	107	53	93	3	0	0	0	64.13	2.34	0.00
Meg22_1416_Bin_184	k__Archaea (UID2)	207	149	107	36	99	14	0	0	0	72.43	6.51	0.00
Meg22_1416_Bin_186	k__Archaea (UID2)	207	149	107	57	85	7	0	0	0	58.81	1.14	0.00
Meg22_1416_Bin_21_NC	k__Archaea (UID2)	207	149	107	40	102	6	1	0	0	69.00	6.54	0.00
Meg22_1416_Bin_36	k__Archaea (UID2)	207	149	107	31	116	2	0	0	0	78.54	0.93	0.00
Meg22_1416_Bin_67	k__Archaea (UID2)	207	149	107	11	132	6	0	0	0	91.28	3.74	0.00
Meg22_1416_Bin_72	k__Archaea (UID2)	207	149	107	10	135	3	1	0	0	92.06	3.27	16.67
Meg22_1416_Bin_92_2_1	k__Archaea (UID2)	207	149	107	46	101	2	0	0	0	68.69	1.87	0.00
Meg22_1618_Bin_103	k__Archaea (UID2)	207	149	107	19	126	4	0	0	0	84.11	2.34	25.00
Meg22_1618_Bin_122	k__Archaea (UID2)	207	149	107	5	141	2	1	0	0	96.26	2.80	20.00
Meg22_1618_Bin_136	k__Archaea (UID2)	207	149	107	15	131	3	0	0	0	87.38	2.34	0.00
Meg22_1618_Bin_161	k__Archaea (UID2)	207	149	107	14	128	5	2	0	0	89.72	6.54	9.09
Meg22_1618_Bin_17	k__Archaea (UID2)	207	149	107	39	108	2	0	0	0	74.66	0.93	0.00
Meg22_1618_Bin_30	k__Archaea (UID2)	207	149	107	24	115	10	0	0	0	80.37	7.01	40.00
Meg22_1618_Bin_45	k__Archaea (UID2)	207	149	107	8	136	5	0	0	0	93.93	3.74	0.00
Meg22_1618_Bin_62	k__Archaea (UID2)	207	149	107	16	129	4	0	0	0	86.45	2.34	0.00
Meg22_1618_Bin_74	k__Archaea (UID2)	207	149	107	12	132	5	0	0	0	91.12	3.74	0.00
Meg22_24_Bin_100	k__Archaea (UID2)	207	149	107	18	125	6	0	0	0	86.92	3.58	50.00
Meg22_24_Bin_104	k__Archaea (UID2)	207	149	107	72	73	4	0	0	0	53.92	3.12	75.00
Meg22_24_Bin_122	k__Archaea (UID2)	207	149	107	48	95	5	1	0	0	65.42	4.98	25.00
Meg22_24_Bin_138	k__Archaea (UID2)	207	149	107	40	95	12	2	0	0	73.80	8.71	44.44
Meg22_24_Bin_167	k__Archaea (UID2)	207	149	107	65	76	8	0	0	0	53.85	4.03	0.00
Meg22_24_Bin_17	k__Archaea (UID2)	207	149	107	54	83	11	1	0	0	63.95	8.33	35.71
Meg22_24_Bin_77	k__Archaea (UID2)	207	149	107	56	86	7	0	0	0	58.11	4.05	42.86
Meg22_46_Bin_151	k__Archaea (UID2)	207	149	107	52	88	8	1	0	0	63.20	8.26	36.36
Meg22_46_Bin_152	k__Archaea (UID2)	207	149	107	47	99	3	0	0	0	67.53	1.08	66.67
Meg22_46_Bin_158	k__Archaea (UID2)	207	149	107	13	121	15	0	0	0	88.79	7.70	13.33
Meg22_46_Bin_198	k__Archaea (UID2)	207	149	107	23	119	7	0	0	0	82.33	4.67	14.29
Meg22_46_Bin_212	k__Archaea (UID2)	207	149	107	13	129	7	0	0	0	88.79	4.52	42.86
Meg22_46_Bin_234	k__Archaea (UID2)	207	149	107	36	107	5	1	0	0	75.47	4.67	0.00
Meg22_46_Bin_243	k__Archaea (UID2)	207	149	107	13	128	7	1	0	0	89.41	4.49	0.00
Meg22_46_Bin_83	k__Archaea (UID2)	207	149	107	29	111	8	1	0	0	79.30	8.41	0.00
Meg22_46_Bin_92	p__Euryarchaeota (UID4)	45	299	202	113	163	22	1	0	0	63.99	7.54	20.00
Meg22_810_Bin_115	k__Archaea (UID2)	207	149	107	34	108	7	0	0	0	70.56	5.06	85.71
Meg22_810_Bin_118	k__Archaea (UID2)	207	149	107	9	135	4	1	0	0	93.46	4.67	0.00
Meg22_810_Bin_168	k__Archaea (UID2)	207	149	107	16	129	4	0	0	0	89.80	2.80	0.00
Meg22_810_Bin_213	k__Archaea (UID2)	207	149	107	23	110	11	5	0	0	83.42	6.22	7.69
Meg22_810_Bin_230	k__Archaea (UID2)	207	149	107	27	115	7	0	0	0	79.60	4.35	42.86
Meg22_810_Bin_25	k__Archaea (UID2)	207	149	107	20	125	4	0	0	0	88.28	2.80	0.00
Meg22_810_Bin_250	k__Archaea (UID2)	207	149	107	29	116	4	0	0	0	77.73	2.34	0.00
Meg22_810_Bin_9	k__Archaea (UID2)	207	149	107	33	105	11	0	0	0	79.67	7.01	9.09
Meg22_810_Bin_92	k__Archaea (UID2)	207	149	107	39	105	5	0	0	0	73.32	3.27	0.00
OWC_Bin2	k__Archaea (UID2)	207	149	107	16	128	5	0	0	0	86.45	3.74	0.00
OWC_Bin3	k__Archaea (UID2)	207	149	107	17	127	5	0	0	0	87.31	3.27	0.00
OWC_Bin5	k__Archaea (UID2)	207	149	107	15	129	5	0	0	0	87.85	3.74	0.00
QC4_bin_49	k__Archaea (UID2)	207	149	107	40	109	0	0	0	0	79.12	0.00	0.00
QZM_A2_3_bin_3	k__Archaea (UID2)	207	149	107	19	125	5	0	0	0	88.01	3.74	0.00
QZM_A2_bin_5	k__Archaea (UID2)	207	149	107	5	138	6	0	0	0	95.79	4.21	0.00
QZM_A3_bin_5	k__Archaea (UID2)	207	149	107	4	139	6	0	0	0	96.73	4.21	0.00
RPA3	k__Archaea (UID2)	207	149	107	7	139	3	0	0	0	94.39	1.87	0.00
RPD1	k__Archaea (UID2)	207	149	107	58	87	4	0	0	0	62.28	2.80	0.00
RPF2	k__Archaea (UID2)	207	149	107	7	137	5	0	0	0	94.55	3.27	0.00
S2_bin16	k__Archaea (UID2)	207	149	107	29	113	7	0	0	0	83.80	6.07	0.00
S2_bin19	k__Archaea (UID2)	207	149	107	64	73	12	0	0	0	51.56	5.58	0.00
S2_bin51	k__Archaea (UID2)	207	149	107	11	135	3	0	0	0	91.59	1.40	0.00
S4_bin14	k__Archaea (UID2)	207	149	107	23	125	1	0	0	0	81.46	0.47	0.00
S5_bin18	k__Archaea (UID2)	207	149	107	16	128	5	0	0	0	86.92	3.27	0.00
S5_bin29	k__Archaea (UID2)	207	149	107	53	94	2	0	0	0	58.65	1.40	50.00
S6_bin33	k__Archaea (UID2)	207	149	107	56	93	0	0	0	0	62.01	0.00	0.00
S7_bin1	k__Archaea (UID2)	207	149	107	17	131	1	0	0	0	86.45	0.93	0.00
S7_bin6	k__Archaea (UID2)	207	149	107	53	78	14	3	0	1	60.75	5.28	6.06
S8_bin41	k__Archaea (UID2)	207	149	107	76	64	8	1	0	0	54.52	7.01	9.09
SHR11	k__Archaea (UID2)	207	149	107	9	138	2	0	0	0	93.46	1.40	0.00
SMTZ1_45_clean	k__Archaea (UID2)	207	149	107	43	97	9	0	0	0	75.83	7.01	33.33
SMTZ1_83_clean	k__Archaea (UID2)	207	149	107	20	109	20	0	0	0	85.51	8.34	55.00
SMTZ_45	k__Archaea (UID2)	207	149	107	52	92	5	0	0	0	70.78	4.67	0.00
SRVP18_trench_6_60cm_Atabeya_1_Complete_Final	k__Archaea (UID2)	207	149	107	3	145	0	1	0	0	97.20	1.87	0.00
SRVP_Freyarchaeota_final_genome	k__Archaea (UID2)	207	149	107	2	141	6	0	0	0	98.13	4.21	0.00
WORA1	k__Archaea (UID2)	207	149	107	11	131	6	1	0	0	91.28	6.54	11.11
WORB2	k__Archaea (UID2)	207	149	107	9	138	2	0	0	0	92.99	0.93	0.00
WORB4	k__Archaea (UID2)	207	149	107	50	98	1	0	0	0	64.19	0.47	0.00
WORC5	k__Archaea (UID2)	207	149	107	15	129	5	0	0	0	87.38	3.27	0.00
WORE3	k__Archaea (UID2)	207	149	107	27	116	6	0	0	0	81.78	4.67	0.00
WORH6	k__Archaea (UID2)	207	149	107	45	102	2	0	0	0	79.13	1.87	0.00
ex4484_83	k__Archaea (UID2)	207	149	107	19	123	7	0	0	0	86.92	5.61	0.00
