Genomes	arCOG Taxonomy	Public/Private	Completeness	Contamination	MAG Size (Mb)	Predicted MAG Size
A173	Njordarchaeales	Public	76.13	2.65	2.112646	2.617
A361	Thorarchaeia	Public	94.86	3.74	2.970885	3.124
A381	Thorarchaeia	Public	82.24	5.61	2.602045	3.064
A399	Thorarchaeia	Public	76.5	3.27	2.219179	2.741
AB_1215_Bin_10	Gerdarchaeales	Private	84.11	7.48	2.906705	3.369
AB_1215_Bin_101	Gerdarchaeales	Private	83.34	7.48	2.630646	3.069
AB_1215_Bin_128	Heimdallarchaeaceae	Private	87.85	6.07	2.475978	2.777
AB_1215_Bin_151	Hodarchaeales	Private	60.46	7.79	1.956821	2.731
AB_1215_Bin_22	Lokiarchaeales	Private	51.1	3.74	1.777567	2.647
AB_1215_Bin_32	Heimdallarchaeaceae	Private	85.67	2.96	2.916404	3.334
AB_1215_Bin_94	Gerdarchaeales	Private	69.55	2.34	1.809394	2.36
AB_69_Bin_121	Lokiarchaeales	Private	62.62	9.45	2.925688	4.019
AB_69_Bin_161	Lokiarchaeales	Private	59.75	6.22	1.866419	2.618
AB_69_Bin_233	Lokiarchaeales	Private	65.04	5.61	2.384646	3.218
AB_69_Bin_241	Lokiarchaeales	Private	87.54	4.21	4.637938	5.216
AB_69_Bin_244	Heimdallarchaeaceae	Private	50.08	4.05	1.575163	2.361
AB_69_Bin_72	Lokiarchaeales	Private	57.86	7.01	3.086553	4.387
AB_69_Bin_81	Lokiarchaeales	Private	81.31	9.19	2.790954	3.313
AB1215_1	Asgardarchaeia	Private	66.03	5.61	2.116372	2.835
AB3033_1	Asgardarchaeia	Private	78.97	0.47	1.524617	1.845
AB3033_2	Asgardarchaeia	Private	93.46	4.67	2.635218	2.808
ABR01	Lokiarchaeales	Public	92.99	5.14	3.342593	3.577
ABR02	Lokiarchaeales	Public	81.78	3.27	3.656747	4.323
ABR03	Lokiarchaeales	Public	77.02	3.27	3.260505	4.01
ABR04	Lokiarchaeales	Public	85.98	4.67	3.690406	4.208
ABR05	Lokiarchaeales	Public	87.38	3.27	3.554888	4.004
ABR06	Lokiarchaeales	Public	86.45	2.34	4.099592	4.655
ABR08	Lokiarchaeales	Public	70.25	5.61	3.479961	4.515
ABR09	Thorarchaeia	Public	53.67	0.07	0.755364	1.105
ABR10	Thorarchaeia	Public	59.15	1.87	2.012353	2.834
ABR11	Lokiarchaeales	Public	82.87	5.14	3.74577	4.387
ABR13	Lokiarchaeales	Public	74.77	5.14	3.551052	4.447
ABR14	Gerdarchaeales	Public	72.9	5.82	2.758554	3.506
ABR15	Lokiarchaeales	Public	63.24	1.87	3.242624	4.435
ABR16	Heimdallarchaeaceae	Public	93.46	3.27	3.423857	3.648
B11_G17	Njordarchaeales	Public	88.55	7.01	1.778616	1.982
B13_G17	Njordarchaeales	Public	81.09	1.4	1.928426	2.293
B16_G1	Asgardarchaeia	Public	59.51	5.61	1.837725	2.582
B20_G9	Njordarchaeales	Public	88.32	7.01	2.226064	2.486
B32_G17	Njordarchaeales	Public	57.89	0.93	0.906574	1.288
B34_G2	Njordarchaeales	Public	75.55	7.17	2.035959	2.534
B36_G16	Freyarchaeia	Public	92.06	6.54	2.595243	2.801
B37_G2	Njordarchaeales	Public	51.28	7.94	1.580005	2.35
B4_G2	Freyarchaeia	Public	88.16	4.59	2.883694	3.225
B44_G1	Njordarchaeales	Public	64.49	8.18	2.73486	3.706
B6_G17	Njordarchaeales	Public	72.98	1.01	1.807045	2.295
B62_G16	Njordarchaeales	Public	86.45	3.19	2.686174	3.05
B7_G1	Freyarchaeia	Public	81.46	5.45	3.243248	3.845
B7_G17	Njordarchaeales	Public	82.24	3.04	1.827468	2.152
B77_G9	Njordarchaeales	Public	92.06	4.67	1.600374	1.727
B90_G9	Njordarchaeales	Public	63.8	0.93	1.358429	1.85
BHB10_2_Bin_344	Kariarchaeaceae	Private	83.18	1.4	3.370583	3.938
BHB10_26_Bin_164_clean	Thorarchaeia	Private	61.99	6.54	3.176549	4.384
BHB10_26_Bin_165_clean	Thorarchaeia	Private	67.69	5.79	2.421877	3.204
BHB10_26_Bin_277_clean	Lokiarchaeales	Private	67.58	8.48	3.680444	4.874
BHB10_26_Bin_319	Thorarchaeia	Private	88.71	6.85	3.392691	3.776
BHB10_26_Bin_322	Hodarchaeales	Private	83.18	4.98	3.327972	3.888
BHB10_26_Bin_338	Thorarchaeia	Private	72.24	3.74	1.940705	2.479
BHB10_26_Bin_359	Thorarchaeia	Private	61.75	5.45	2.258041	3.122
BHB10_26_Bin_38	Hermodarchaeia	Private	50.58	4.05	1.466761	2.192
BHB10_38_Bin_122	Lokiarchaeales	Private	60.08	3.27	2.144232	3
BHB10_38_Bin_149	Thorarchaeia	Private	92.06	8.88	3.308241	3.571
BHB10_38_Bin_151	Hermodarchaeia	Private	50.08	3.74	2.673736	4.008
BHB10_38_Bin_177	Ranarchaeia	Private	72.83	8.41	1.591466	2.024
BHB10_38_Bin_224	Hodarchaeales	Private	89.72	7.24	4.210341	4.643
BHB10_38_Bin_270	Lokiarchaeales	Private	82.1	6.7	4.198763	4.95
BHB10_38_Bin_279	Thorarchaeia	Private	68.85	0.93	1.470682	1.929
BHB10_38_Bin_301	Heimdallarchaeaceae	Private	59.51	2.34	1.36079	1.912
BHB10_38_Bin_38	Lokiarchaeales	Private	78.5	5.92	4.858864	5.904
BHB10_38_Bin_74	Thorarchaeia	Private	84.2	5.14	3.583568	4.15
BHB10_38_Bin_92_clean	Hermodarchaeia	Private	71.89	5.14	2.286306	2.929
Co_bin120	Heimdallarchaeaceae	Public	88.79	1.4	2.379869	2.647
Co_bin147	Lokiarchaeales	Public	69.64	8.18	3.934314	5.129
Co_bin153	Lokiarchaeales	Public	70.14	3.74	3.005479	3.903
Co_bin157	Thorarchaeia	Public	54.92	7.39	1.105045	1.603
Co_bin169	Lokiarchaeales	Public	54.84	7.15	2.346464	3.406
Co_bin177	Lokiarchaeales	Public	61.06	5.68	1.697958	2.359
Co_bin235	Lokiarchaeales	Public	63.22	6.15	4.092427	5.598
Co_bin241	Lokiarchaeales	Public	54.54	6.15	3.821947	5.559
Co_bin249	Lokiarchaeales	Public	52.84	6.54	2.119603	3.119
Co_bin263	Lokiarchaeales	Public	75.78	5.45	2.953968	3.669
Co_bin277	Heimdallarchaeaceae	Public	73.47	5.28	3.114238	3.94
Co_bin41	Gerdarchaeales	Public	94.39	7.94	3.864661	4.081
Co_bin44	Lokiarchaeales	Public	77.26	3.27	3.653726	4.485
Co_bin69	Ranarchaeia	Public	85.3	1.4	1.880713	2.157
Co_bin7	Lokiarchaeales	Public	84.89	5.61	4.2841	4.931
D4991_C11_H1_Bin_169	Lokiarchaeales	Private	90.31	2.8	3.521081	3.862
D4991_C11_H1_Bin_181	Thorarchaeia	Private	69.55	1.87	0.986203	1.287
D4991_C11_H1_Bin_188	Gerdarchaeales	Private	75.23	6.07	2.793596	3.486
D4991_C11_H1_Bin_86	Lokiarchaeales	Private	88.32	5.14	3.297422	3.683
D4993_C5_H1_Bin_185	Thorarchaeia	Private	62.54	1.08	2.036818	2.8
D4993_C5_H1_Bin_246	Gerdarchaeales	Private	84.51	5.14	3.022106	3.49
D4993_C5_H1_Bin_263	Lokiarchaeales	Private	85.17	2.8	4.518802	5.189
D4993_C5_H1_Bin_269	Thorarchaeia	Private	92.09	8.72	4.097362	4.421
D4993_C5_H1_Bin_32_clean	Ranarchaeia	Private	76.17	1.4	1.392294	1.724
D4993_C5_H1_Bin_406_clean	Lokiarchaeales	Private	87.43	1.87	3.201882	3.604
D4993_C5_H1_Bin_447	Kariarchaeaceae	Private	81.9	0.47	2.925384	3.455
D4993_C5_H1_Bin_456	Lokiarchaeales	Private	82.87	5.14	3.345185	3.918
D4993_C5_H1_Bin_526	Lokiarchaeales	Private	63.71	2.8	2.256503	3.075
D4993_C5_H1_Bin_95	Thorarchaeia	Private	59.59	1.44	1.07647	1.511
D4993_C5_H2_Bin_133_clean	Thorarchaeia	Private	82.64	4.21	1.93263	2.268
D4993_C5_H2_Bin_260	Lokiarchaeales	Private	81.93	4.21	4.068351	4.804
D4993_C5_H2_Bin_290_clean	Helarchaeales	Private	77.73	4.67	2.923344	3.574
D4993_C5_H2_Bin_325	Lokiarchaeales	Private	82.6	3.74	4.239064	4.977
D4993_C5_H2_Bin_370	Lokiarchaeales	Private	88.01	2.8	3.499393	3.919
D4993_C5_H2_Bin_435	Thorarchaeia	Private	53.97	6.07	2.558332	3.736
D4993_C5_H2_Bin_444	Heimdallarchaeaceae	Private	93.46	6.07	3.315643	3.532
D4993_C5_H2_Bin_518	Thorarchaeia	Private	83.5	3.74	2.567279	2.991
D4993_C5_H2_Bin_565	Helarchaeales	Private	92.99	4.67	3.760699	4.024
D4993_C5_H2_Bin_570	Hodarchaeales	Private	73.94	1.87	4.052785	5.109
D4993_C5_H2_Bin_581	Gerdarchaeales	Private	58.48	1.87	2.496	3.532
D4993_C5_H2_Bin_583	Ranarchaeia	Private	73.33	0.47	1.368617	1.734
D4993_C5_H2_Bin_648	Lokiarchaeales	Private	87.85	5.43	4.749669	5.327
D4993_C5_H2_Bin_733	Lokiarchaeales	Private	88.32	6.15	3.166096	3.536
D4993_C5_H2_Bin_79	Thorarchaeia	Private	93.93	3.74	2.881834	3.057
D4993_C5_H2_Bin_811	Heimdallarchaeaceae	Private	82.71	4.21	2.937617	3.446
D4993_C5_H2_Bin_84_clean	Thorarchaeia	Private	70.8	1.87	0.940157	1.215
D4993_C5_H3_Bin_186	Thorarchaeia	Private	57.76	3.27	2.49763	3.553
D4993_C5_H3_Bin_323	Gerdarchaeales	Private	60.75	2.34	1.407093	1.959
D4993_C5_H3_Bin_368	Thorarchaeia	Private	92.99	3.74	2.732652	2.924
D4993_C5_H3_Bin_385	Gerdarchaeales	Private	46.5	2.48	2.196476	3.372
D4993_C5_H3_Bin_400	Helarchaeales	Private	92.06	2.34	3.643459	3.933
D4993_C5_H3_Bin_450	Heimdallarchaeaceae	Private	72.9	5.18	2.708066	3.442
D4993_C5_H3_Bin_468	Lokiarchaeales	Private	91.74	3.74	3.589779	3.886
D4993_C5_H3_Bin_486	Ranarchaeia	Private	89.02	0	1.955402	2.17
D4993_C5_H3_Bin_497	Lokiarchaeales	Private	87.38	4.49	4.15438	4.679
D4993_C5_H3_Bin_515_clean	Lokiarchaeales	Private	64.53	1.4	2.741649	3.714
D4993_C5_H3_Bin_532	Heimdallarchaeaceae	Private	82.71	6.92	2.365598	2.775
D4993_C5_H3_Bin_603_clean	Baldrarchaeia	Private	86.32	8.8	2.682663	3.05
D4993_C5_H3_Bin_613	Lokiarchaeales	Private	82.14	3.74	4.097846	4.83
D4993_C5_H3_Bin_680	Heimdallarchaeaceae	Private	91.45	4.98	2.696564	2.927
D4993_C5_H3_Bin_765_clean	Heimdallarchaeaceae	Private	90.65	5.25	3.138523	3.432
D4993_C5_H3_Bin_769	Helarchaeales	Private	73.52	9.35	2.990313	3.782
D4993_C5_H4_Bin_11	Lokiarchaeales	Private	56	0	1.69411	2.44
D4993_C5_H4_Bin_142_clean	Gerdarchaeales	Private	73.29	1.87	2.052991	2.601
D4993_C5_H4_Bin_224_clean	Heimdallarchaeaceae	Private	54.61	3.43	1.353104	1.967
D4993_C5_H4_Bin_33	Odinarchaeia	Private	62.51	0.07	0.849842	1.168
D4993_C5_H4_Bin_46	Lokiarchaeales	Private	69.42	6.54	2.504316	3.27
D4993_C5_H4_Bin_5	Helarchaeales	Private	59.98	3.1	2.491976	3.489
D4993_C5_LG_Bin_111	Heimdallarchaeaceae	Private	66.24	7.01	1.545521	2.067
D4993_C5_LG_Bin_146_clean	Thorarchaeia	Private	50.65	8.88	1.66778	2.491
D4993_C5_LG_Bin_231_clean	Asgardarchaeia	Private	73.29	9.62	1.160318	1.47
D4993_C5_LG_Bin_247	Lokiarchaeales	Private	67.16	5.14	2.316368	3.077
D4993_C5_LG_Bin_279	Lokiarchaeales	Private	91.67	2.8	3.747704	4.06
D4993_C5_LG_Bin_292	Thorarchaeia	Private	88.71	4.21	1.757622	1.956
D4993_C5_LG_Bin_298	Helarchaeales	Private	90.19	2.34	3.420992	3.757
D4993_C5_LG_Bin_330	Lokiarchaeales	Private	82.71	3.27	3.284319	3.852
D4993_C5_LG_Bin_346	Gerdarchaeales	Private	92.52	5.14	3.397444	3.652
D4993_C5_LG_Bin_37	Gerdarchaeales	Private	91.12	6.07	2.826729	3.078
D4993_C5_LG_Bin_387_clean	Thorarchaeia	Private	75.16	0.93	2.133365	2.663
D4993_C5_LG_Bin_413_clean	Heimdallarchaeaceae	Private	90.65	2.77	2.917425	3.19
D4993_C5_LG_Bin_429	Odinarchaeia	Private	69.91	0.93	1.082889	1.409
D4993_C5_LG_Bin_447	Lokiarchaeales	Private	74.14	9.19	3.758844	4.731
D4993_C5_LG_Bin_498	Lokiarchaeales	Private	88.32	3.56	4.641904	5.184
D4993_C5_LG_Bin_529	Lokiarchaeales	Private	84.11	7.48	3.60987	4.183
D4993_C5_LG_Bin_530	Thorarchaeia	Private	93.93	4.67	2.681755	2.845
D4993_C5_LG_Bin_604	Helarchaeales	Private	72.68	4.05	3.274407	4.169
D4993_C5_LG_Bin_609	Lokiarchaeales	Private	84.11	1.94	4.307486	4.992
D4993_C5_LG_Bin_705_clean	Lokiarchaeales	Private	78.04	6.85	3.826119	4.666
D4993_C5_LG_Bin_732	Ranarchaeia	Private	72.11	1.87	1.542489	1.973
D4993_C5_LG_Bin_739_clean	Heimdallarchaeaceae	Private	93.46	4.67	3.143092	3.349
D4994_C39_H1_Bin_122	Lokiarchaeales	Private	63.48	3.27	2.795914	3.817
D4994_C39_H1_Bin_188	Lokiarchaeales	Private	74.27	3.74	3.857766	4.85
D4994_C39_H1_Bin_225	Thorarchaeia	Private	92.21	7.48	2.444612	2.635
D4994_C39_H1_Bin_261	Lokiarchaeales	Private	87.93	4.67	3.720237	4.169
D4994_C39_H1_Bin_316	Heimdallarchaeaceae	Private	92.06	7.01	3.072803	3.317
D4994_C39_H1_Bin_319	Lokiarchaeales	Private	92.52	3.74	4.882866	5.248
D4994_C39_H1_Bin_33	Lokiarchaeales	Private	92.52	6.25	6.344116	6.819
D4994_C39_H1_Bin_335	Lokiarchaeales	Private	93.46	7.94	4.085066	4.352
D4994_C39_H1_Bin_37	Lokiarchaeales	Private	74.54	1.87	3.52805	4.426
D4994_C39_H1_Bin_371	Lokiarchaeales	Private	79.13	1.4	3.136695	3.791
D4994_C39_H1_Bin_436	Heimdallarchaeaceae	Private	66.75	5.14	0.758389	1.011
D4994_C39_H1_Bin_629	Thorarchaeia	Private	68.33	3.81	2.145258	2.825
D4994_C39_H1_Bin_674	Helarchaeales	Private	92.68	3.27	3.989757	4.282
D4994_C39_H1_Bin_696_clean	Gerdarchaeales	Private	88.32	6.07	2.678545	2.991
D4994_C39_H1_Bin_733	Lokiarchaeales	Private	79.91	2.34	4.445903	5.339
D4994_C39_H1_Bin_797	Lokiarchaeales	Private	56.69	3.74	2.170376	3.11
D4994_C39_H1_Bin_803	Njordarchaeales	Private	68.69	2.34	1.435547	1.885
D4994_C39_H2_Bin_166	Thorarchaeia	Private	75.97	2.34	2.018151	2.503
D4994_C39_H2_Bin_21	Helarchaeales	Private	74.84	6.07	3.693915	4.623
D4994_C39_H2_Bin_222	Baldrarchaeia	Private	70.56	3.74	1.569843	2.032
JZ_bin_50	Freyarchaeia	Public	98.13	2.8	2.3179	2.361
D4994_C39_H2_Bin_6_clean	Gerdarchaeales	Private	51.09	9.15	1.602247	2.386
D4998_C1112_H1_Bin_177	Lokiarchaeales	Private	83.8	7.76	3.854883	4.479
D4998_C1112_H1_Bin_241	Gerdarchaeales	Private	88.79	7.87	3.691674	4.106
D4998_C1112_H1_Bin_245	Lokiarchaeales	Private	76.17	0.47	2.481823	3.073
D4998_C1112_H1_Bin_25	Thorarchaeia	Private	63.48	3.02	1.145807	1.564
QC4_bin_49	Freyarchaeia	Public	79.12	0	1.822916	2.204
D4998_C1112_H1_Bin_369_clean	Thorarchaeia	Private	78.52	2.34	2.10077	2.552
D4998_C1112_H1_Bin_443	Lokiarchaeales	Private	85.51	3.74	4.203044	4.812
D4998_C1112_H1_Bin_477	Gerdarchaeales	Private	92.06	6.07	2.797666	3.02
D4998_C1112_H1_Bin_488	Heimdallarchaeaceae	Private	59.74	0	0.631379	0.886
D4998_C1112_H2_Bin_131_clean	Lokiarchaeales	Private	65.42	7.94	2.69369	3.625
D4998_C1112_H2_Bin_190_clean	Lokiarchaeales	Private	78.86	0.93	2.352202	2.849
D4998_C1112_H2_Bin_232	Baldrarchaeia	Private	92.06	3.27	2.090165	2.256
D4998_C1112_H2_Bin_233	Thorarchaeia	Private	85.51	3.74	2.552194	2.922
D4998_C1112_H2_Bin_270	Heimdallarchaeaceae	Private	60.66	7.01	2.064356	2.876
D4998_C1112_H2_Bin_413	Lokiarchaeales	Private	77.65	2.8	3.92333	4.8
D4998_C1112_H2_Bin_434	Njordarchaeales	Private	69.63	0.93	1.482639	1.933
D4998_C1112_H2_Bin_445	Lokiarchaeales	Private	84.58	2.8	3.226823	3.724
D4998_C1112_H2_Bin_450	Lokiarchaeales	Private	66.4	1.4	2.796182	3.736
D4998_C1112_H2_Bin_516	Njordarchaeales	Private	89.72	2.41	1.991323	2.196
D4998_C1112_H2_Bin_52	Asgardarchaeia	Private	85.98	0.78	1.18055	1.346
D4998_C1112_H2_Bin_592_clean	Baldrarchaeia	Private	74.45	1.87	0.985873	1.238
D4998_C1112_H2_Bin_601	Gerdarchaeales	Private	89.72	7.01	2.810756	3.1
D4998_C1112_H2_Bin_606_clean	Thorarchaeia	Private	91.74	4.67	3.527534	3.819
D4998_C1112_H2_Bin_646	Heimdallarchaeaceae	Private	93.46	6.07	3.209705	3.42
D4998_C1112_H2_Bin_74	Thorarchaeia	Private	62.15	2.41	2.43155	3.352
QZM_A2_3_bin_3	Freyarchaeia	Public	88.01	3.74	3.882793	4.348
D4998_C1112_H3_Bin_205	Baldrarchaeia	Private	87.54	6.07	2.418825	2.72
D4998_C1112_H3_Bin_254	Njordarchaeales	Private	89.25	1.4	1.984764	2.198
D4998_C1112_H3_Bin_265	Asgardarchaeia	Private	79.22	0.47	1.06038	1.281
QZM_A2_bin_5	Freyarchaeia	Public	95.79	4.21	4.080134	4.252
QZM_A3_bin_5	Freyarchaeia	Public	96.73	4.21	4.275856	4.416
D4998_C1112_H3_Bin_60	Baldrarchaeia	Private	93.93	4.67	2.71843	2.883
D4998_C1112_H3_Bin_96	Njordarchaeales	Private	89.25	2.88	1.879357	2.081
D4998_C2223_H1_Bin_197_clean	Lokiarchaeales	Private	74.69	4.28	2.960344	3.71
D4998_C2223_H1_Bin_209	Lokiarchaeales	Private	61.25	1.87	2.239207	3.107
D4998_C2223_H2_Bin_129_clean	Lokiarchaeales	Private	74.45	2.88	2.928791	3.677
D4998_C2223_H2_Bin_162_clean	Heimdallarchaeaceae	Private	91.12	3.34	2.222293	2.42
RPD1	Freyarchaeia	Public	62.28	2.8	1.724101	2.374
D4998_C2223_H2_Bin_280	Thorarchaeia	Private	77.1	1.87	1.735078	2.132
D4998_C2223_H2_Bin_321	Gerdarchaeales	Private	55.08	1.87	1.461009	2.117
D4998_C2223_H2_Bin_358	Thorarchaeia	Private	59.49	9.35	2.09544	2.944
D4998_C2223_H2_Bin_384	Lokiarchaeales	Private	54.79	1.87	1.75657	2.551
E29_bin63	Lokiarchaeales	Public	84.11	2.34	2.67211	3.097
E44_bin6	Thorarchaeia	Public	61.21	2.41	1.111453	1.543
E44_bin77	Thorarchaeia	Public	90.65	7.48	3.037225	3.321
E44_bin85	Lokiarchaeales	Public	75.7	2.8	3.073626	3.821
ex4484_83	Gerdarchaeales	Public	86.92	5.61	2.747454	3.107
FINAL_SR_VP_26_10_2019_2_100cm_Atabeya_2_FINAL	Atabeyarchaeia	Private	98.13	3.74	2.756679	2.808
GBS02	Baldrarchaeia	Public	85.06	4.91	2.708755	3.113
GBS03	Baldrarchaeia	Public	93.93	3.74	2.133597	2.263
GBS04	Baldrarchaeia	Public	89.25	3.74	2.882839	3.193
GBS27	Njordarchaeales	Public	79.13	1.01	1.550912	1.875
GCA_001940645_1_ASM194064v1	Hodarchaeales	Public	91.59	5.61	5.684038	6.162
GCA_001940655_1_ASM194065v1	Lokiarchaeales	Public	80.45	2.34	4.33417	5.182
GCA_001940665_1_ASM194066v1	Odinarchaeia	Public	96.26	1.4	1.46071	1.515
GCA_001940705_1_ASM194070v1	Thorarchaeia	Public	90.12	3.19	2.855654	3.138
GCA_001940725_1_ASM194072v1	Kariarchaeaceae	Public	72.43	4.21	4.843591	6.179
GCA_001940755_1_ASM194075v1	Heimdallarchaeaceae	Public	79.37	2.34	2.27869	2.749
GCA_002728275_1_ASM272827v1	Kariarchaeaceae	Public	83.18	1.87	1.406929	1.644
GCA_002825465_1_ASM282546v1	Thorarchaeia	Public	92.06	5.3	3.51175	3.791
GCA_002825515_1_ASM282551v1	Thorarchaeia	Public	90.19	2.34	3.487971	3.83
GCA_002825535_1_ASM282553v1	Thorarchaeia	Public	84.58	1.01	4.389059	5.066
GCA_003144275_1_ASM314427v1	Hodarchaeales	Public	93.69	1.87	3.94826	4.197
GCA_003662765_1_ASM366276v1	Thorarchaeia	Public	85.05	5.64	2.322715	2.67
GCA_003662775_1_ASM366277v1	Thorarchaeia	Public	95.33	9.42	4.295742	4.496
GCA_003662805_1_ASM366280v1	Thorarchaeia	Public	94.86	8.88	3.024846	3.18
GCA_003662815_1_ASM366281v1	Thorarchaeia	Public	83.49	8.88	2.496771	2.909
GCA_003662865_1_ASM366286v1	Lokiarchaeales	Public	69.41	9.81	3.147059	4.11
GCA_003662875_1_ASM366287v1	Gerdarchaeales	Public	50.78	2.41	1.669071	2.491
GCA_003662885_1_ASM366288v1	Gerdarchaeales	Public	64.64	1.87	2.055492	2.782
GCA_003662935_1_ASM366293v1	Gerdarchaeales	Public	86.45	7.94	2.93976	3.338
GCA_003696825_1_ASM369682v1	Kariarchaeaceae	Public	89.18	8.48	5.753859	6.376
GCA_004376455_1_ASM437645v1	Gerdarchaeales	Public	83.64	8.7	2.676663	3.115
GCA_004376735_1_ASM437673v1	Heimdallarchaeaceae	Public	68.54	8.96	2.030371	2.669
GCA_004524365_1_ASM452436v1	Lokiarchaeales	Public	56.54	0.31	1.894998	2.719
GCA_004524385_1_ASM452438v1	Lokiarchaeales	Public	62.23	0	1.836571	2.53
GCA_004524425_1_ASM452442v1	Lokiarchaeales	Public	71.89	1.56	2.969355	3.804
GCA_004524435_1_ASM452443v1	Thorarchaeia	Public	86.14	0.93	2.770204	3.154
GCA_004524445_1_ASM452444v1	Thorarchaeia	Public	90.19	0.93	2.792701	3.067
GCA_004524515_1_ASM452451v1	Lokiarchaeales	Public	73.21	1.4	3.111768	3.945
GCA_004524535_1_ASM452453v1	Lokiarchaeales	Public	86.09	0	3.66462	4.174
GCA_004524545_1_ASM452454v1	Lokiarchaeales	Public	82.55	1.87	2.547497	2.992
GCA_004524565_1_ASM452456v1	Thorarchaeia	Public	90.19	0.47	3.132667	3.44
GCA_004524595_1_ASM452459v1	Thorarchaeia	Public	92.99	1.47	4.171935	4.464
GCA_004524725_1_ASM452472v1	Lokiarchaeales	Public	73.94	0.47	2.406751	3.034
GCA_004525575_1_ASM452557v1	Thorarchaeia	Public	77.88	6.85	3.054279	3.73
GCA_004525645_1_ASM452564v1	Thorarchaeia	Public	86.84	5.43	4.193637	4.746
GCA_005191415_1_ASM519141v1	Helarchaeales	Public	82.4	2.8	3.84002	4.516
GCA_005191425_1_ASM519142v1	Helarchaeales	Public	86.92	1.4	3.543077	4.007
GCA_005222975_1_ASM522297v1	Lokiarchaeales	Public	77.57	1.4	3.518981	4.308
GCA_005223125_1_ASM522312v1	Lokiarchaeales	Public	89.25	3.27	4.129784	4.574
GCA_007133855_1_ASM713385v1	Lokiarchaeales	Public	53.2	0	2.331489	3.423
GCA_008000775_1_ASM800077v1	Lokiarchaeales	Public	91.74	6.07	4.427796	4.794
GCA_008080735_1_ASM808073v1	Lokiarchaeales	Public	88.32	3.74	4.145068	4.629
GCA_008080745_1_ASM808074v1	Thorarchaeia	Public	92.99	3.74	3.161981	3.384
GCA_008080755_1_ASM808075v1	Lokiarchaeales	Public	83.64	9.35	3.773906	4.391
GCA_008080765_1_ASM808076v1	Lokiarchaeales	Public	75.19	1.4	3.921599	4.895
GCA_010028315_1_ASM1002831v1	Kariarchaeaceae	Public	77.1	6.25	2.289596	2.814
GCA_010028525_1_ASM1002852v1	Kariarchaeaceae	Public	75.7	4.57	2.492798	3.099
GCA_010030355_1_ASM1003035v1	Kariarchaeaceae	Public	63.19	0.93	0.689568	0.943
GCA_011364905_1_ASM1136490v1	Thorarchaeia	Public	82.78	3.27	3.079563	3.61
GCA_011364925_1_ASM1136492v1	Lokiarchaeales	Public	87.85	3.74	3.919328	4.396
GCA_011364945_1_ASM1136494v1	Gerdarchaeales	Public	93.46	8.88	3.440844	3.666
GCA_011364965_1_ASM1136496v1	Hodarchaeales	Public	87.38	1.94	2.973942	3.349
GCA_011364975_1_ASM1136497v1	Lokiarchaeales	Public	86.45	2.34	3.74316	4.25
GCA_011364985_1_ASM1136498v1	Thorarchaeia	Public	83.57	2.34	1.699248	1.978
GCA_011365025_1_ASM1136502v1	Thorarchaeia	Public	83.64	2.8	3.465978	4.033
GCA_011365055_1_ASM1136505v1	Helarchaeales	Public	96.26	4.21	4.677395	4.852
GCA_011366225_1_ASM1136622v1	Gerdarchaeales	Public	75.24	9.63	2.59482	3.237
GCA_011366245_1_ASM1136624v1	Gerdarchaeales	Public	94.86	9.81	4.26652	4.486
GCA_011366285_1_ASM1136628v1	Gerdarchaeales	Public	83.29	8.88	3.653525	4.264
GCA_011366295_1_ASM1136629v1	Gerdarchaeales	Public	88.47	8.72	3.250158	3.625
GCA_011525205_1_ASM1152520v1	Kariarchaeaceae	Public	82.71	0.93	1.329495	1.559
GCA_012798355_1_ASM1279835v1	Lokiarchaeales	Public	85.21	9.35	5.372183	6.167
GCA_013166775_1_ASM1316677v1	Heimdallarchaeaceae	Public	93.46	1.4	3.847693	4.099
GCA_013166835_1_ASM1316683v1	Gerdarchaeales	Public	90.19	7.48	3.557936	3.907
GCA_013375355_1_ASM1337535v1	Helarchaeales	Public	92.21	4.74	4.592678	4.95
GCA_013375405_1_ASM1337540v1	Helarchaeales	Public	83.18	5.61	4.652685	5.435
GCA_013375455_1_ASM1337545v1	Helarchaeales	Public	91.59	3.27	5.309269	5.756
GCA_013375475_1_ASM1337547v1	Lokiarchaeales	Public	85.98	4.21	3.92017	4.47
GCA_013375485_1_ASM1337548v1	Lokiarchaeales	Public	89.25	5.61	4.597616	5.092
GCA_013375495_1_ASM1337549v1	Lokiarchaeales	Public	79.44	4.21	4.243572	5.116
GCA_013388835_1_ASM1338883v1	Thorarchaeia	Public	94.39	3.74	3.013036	3.182
GCA_014728035_1_ASM1472803v1	Thorarchaeia	Public	93.46	4.21	4.328547	4.612
GCA_014728645_1_ASM1472864v1	Lokiarchaeales	Public	61.21	8.71	3.662938	5.084
GCA_014729055_1_ASM1472905v1	Lokiarchaeales	Public	75.08	3.81	5.332287	6.661
GCA_014729315_1_ASM1472931v1	Lokiarchaeales	Public	76.64	3.74	6.561119	8.094
GCA_014729935_1_ASM1472993v1	Lokiarchaeales	Public	88.21	2.8	4.212914	4.71
GCA_014730125_1_ASM1473012v1	Lokiarchaeales	Public	91.59	3.74	5.212884	5.651
GCA_014730165_1_ASM1473016v1	Lokiarchaeales	Public	92.52	4.67	4.65345	5.002
GCA_014730275_1_ASM1473027v1	Thorarchaeia	Public	94.86	5.14	3.64358	3.831
GCA_014730295_1_ASM1473029v1	Lokiarchaeales	Public	94.39	5.14	6.144841	6.49
GCA_015520535_1_ASM1552053v1	Hodarchaeales	Public	83.06	1.87	4.045174	4.73
GCA_015521395_1_ASM1552139v1	Njordarchaeales	Public	75.86	0.47	1.834267	2.277
GCA_015522385_1_ASM1552238v1	Kariarchaeaceae	Public	88.86	4.21	4.299148	4.778
GCA_015523565_1_ASM1552356v1	Kariarchaeaceae	Public	91.12	2.34	3.571168	3.888
GCA_016292335_1_ASM1629233v1	Sifarchaeia	Public	81.46	1.87	2.016049	2.39
GCA_016294945_1_ASM1629494v1	Sifarchaeia	Public	74.37	1.87	2.643843	3.321
GCA_016294985_1_ASM1629498v1	Sifarchaeia	Public	67.76	0.93	1.810839	2.395
GCA_016550385_1_ASM1655038v1	Hermodarchaeia	Public	86.22	0.47	5.09683	5.799
GCA_016550395_1_ASM1655039v1	Hermodarchaeia	Public	78.04	0	2.656945	3.24
GCA_016550405_1_ASM1655040v1	Hermodarchaeia	Public	77.46	0	2.677422	3.281
GCA_016550415_1_ASM1655041v1	Hermodarchaeia	Public	89.5	1.87	4.216125	4.659
GCA_016550425_1_ASM1655042v1	Hermodarchaeia	Public	92.67	0	3.764229	4.04
GCA_016550485_1_ASM1655048v1	Hermodarchaeia	Public	73.33	0	2.446527	3.099
GCA_016550495_1_ASM1655049v1	Hermodarchaeia	Public	74.69	0	1.860311	2.331
GCA_016550505_1_ASM1655050v1	Hermodarchaeia	Public	76.42	1.94	2.533416	3.131
GCA_016649575_1_ASM1664957v1	Gerdarchaeales	Public	94.39	8.88	3.490353	3.686
GCA_016839245_1_ASM1683924v1	Thorarchaeia	Public	93.93	7.48	3.318532	3.52
GCA_016839265_1_ASM1683926v1	Odinarchaeia	Public	95.95	2.34	1.350507	1.405
GCA_016839275_1_ASM1683927v1	Thorarchaeia	Public	91.59	0.93	2.577824	2.795
GCA_016839295_1_ASM1683929v1	Hodarchaeales	Public	93.93	1.94	3.966622	4.207
GCA_016839315_1_ASM1683931v1	Lokiarchaeales	Public	88.79	3.74	4.365918	4.855
GCA_016839345_1_ASM1683934v1	Thorarchaeia	Public	84.58	0.07	3.332724	3.847
GCA_016839365_1_ASM1683936v1	Hermodarchaeia	Public	91.12	0.93	2.225025	2.423
GCA_016839385_1_ASM1683938v1	Lokiarchaeales	Public	70.49	1.87	3.737438	4.84
GCA_016839405_1_ASM1683940v1	Gerdarchaeales	Public	81.31	5.14	3.017933	3.582
GCA_016839425_1_ASM1683942v1	Lokiarchaeales	Public	73.03	0.47	4.07657	5.176
GCA_016839445_1_ASM1683944v1	Thorarchaeia	Public	87.38	6.69	2.911084	3.278
GCA_016839465_1_ASM1683946v1	Thorarchaeia	Public	85.05	0.93	3.097685	3.561
GCA_016839505_1_ASM1683950v1	Hodarchaeales	Public	75.93	2.8	4.003379	4.967
GCA_016839515_1_ASM1683951v1	Hodarchaeales	Public	93.61	0.93	4.006905	4.263
GCA_016839545_1_ASM1683954v1	Kariarchaeaceae	Public	77.43	0	2.887009	3.539
GCA_016839555_1_ASM1683955v1	Lokiarchaeales	Public	92.52	0.93	3.744205	4.024
GCA_016839585_1_ASM1683958v1	Lokiarchaeales	Public	81.46	0.93	3.453515	4.094
GCA_016839605_1_ASM1683960v1	Thorarchaeia	Public	84.9	1.4	3.077551	3.542
GCA_016839625_1_ASM1683962v1	Hodarchaeales	Public	80.61	0.93	4.832412	5.769
GCA_016839635_1_ASM1683963v1	Lokiarchaeales	Public	76.79	0	4.101703	5.054
GCA_016839655_1_ASM1683965v1	Lokiarchaeales	Public	82.71	1.87	4.172617	4.894
GCA_016839665_1_ASM1683966v1	Hodarchaeales	Public	69.76	0	3.623906	4.72
GCA_016839705_1_ASM1683970v1	Lokiarchaeales	Public	82.4	0.93	3.356501	3.947
GCA_016839745_1_ASM1683974v1	Lokiarchaeales	Public	79.91	0	3.528046	4.237
GCA_016839765_1_ASM1683976v1	Lokiarchaeales	Public	82.4	0.93	3.320821	3.905
GCA_016839785_1_ASM1683978v1	Hodarchaeales	Public	82.42	4.21	4.041893	4.752
GCA_016839805_1_ASM1683980v1	Hermodarchaeia	Public	94.86	0	2.309456	2.428
GCA_016839815_1_ASM1683981v1	Hodarchaeales	Public	87.38	2.8	4.244502	4.78
GCA_016839845_1_ASM1683984v1	Lokiarchaeales	Public	85.2	1.4	5.251404	6.029
GCA_016839865_1_ASM1683986v1	Lokiarchaeales	Public	67.29	0.93	3.626096	4.812
GCA_016839875_1_ASM1683987v1	Heimdallarchaeaceae	Public	88.28	0.93	3.756232	4.196
GCA_016839905_1_ASM1683990v1	Lokiarchaeales	Public	89.1	4.91	4.777635	5.298
GCA_016839915_1_ASM1683991v1	Lokiarchaeales	Public	89.25	0.93	3.647657	4.04
GCA_016839945_1_ASM1683994v1	Heimdallarchaeaceae	Public	88.4	0.47	3.003036	3.351
GCA_016839955_1_ASM1683995v1	Hodarchaeales	Public	78.04	1.87	5.162862	6.297
GCA_016839985_1_ASM1683998v1	Heimdallarchaeaceae	Public	76.64	0.47	2.516512	3.104
GCA_016839995_1_ASM1683999v1	Hermodarchaeia	Public	83.47	0	1.662189	1.937
GCA_016840025_1_ASM1684002v1	Hodarchaeales	Public	85.91	1.87	6.509507	7.427
GCA_016840035_1_ASM1684003v1	Hodarchaeales	Public	88.01	0.93	4.302992	4.819
GCA_016840065_1_ASM1684006v1	Hermodarchaeia	Public	88.32	0	2.588242	2.891
GCA_016840085_1_ASM1684008v1	Lokiarchaeales	Public	86.6	2.8	4.684387	5.312
GCA_016840095_1_ASM1684009v1	Heimdallarchaeaceae	Public	92.52	1.4	3.444408	3.702
GCA_016840125_1_ASM1684012v1	Helarchaeales	Public	92.99	8.26	7.528376	8.056
GCA_016840135_1_ASM1684013v1	Hermodarchaeia	Public	82.24	0	1.816882	2.14
GCA_016840165_1_ASM1684016v1	Lokiarchaeales	Public	87.85	0.93	3.607813	4.046
GCA_016840185_1_ASM1684018v1	Hermodarchaeia	Public	87.85	4.44	2.543514	2.853
GCA_016840245_1_ASM1684024v1	Thorarchaeia	Public	80.27	0	4.100966	4.91
GCA_016840265_1_ASM1684026v1	Hodarchaeales	Public	71.38	9.09	4.171669	5.366
GCA_016840285_1_ASM1684028v1	Hodarchaeales	Public	90.19	1.25	4.660121	5.117
GCA_016840305_1_ASM1684030v1	Hodarchaeales	Public	81.78	0.93	4.9015	5.795
GCA_016840315_1_ASM1684031v1	Sifarchaeia	Public	75.78	0	1.702742	2.115
GCA_016840345_1_ASM1684034v1	Lokiarchaeales	Public	55.66	2.95	1.606788	2.319
GCA_016840365_1_ASM1684036v1	Thorarchaeia	Public	73.87	5.14	3.228463	4.072
GCA_016840385_1_ASM1684038v1	Thorarchaeia	Public	91.98	3.31	3.875063	4.186
GCA_016840405_1_ASM1684040v1	Hermodarchaeia	Public	92.99	1.87	2.706031	2.896
GCA_016840425_1_ASM1684042v1	Wukongarchaeia	Public	92.52	4.05	2.156567	2.318
GCA_016840435_1_ASM1684043v1	Thorarchaeia	Public	66.82	0.47	1.374547	1.831
GCA_016840465_1_ASM1684046v1	Baldrarchaeia	Public	93.93	3.74	2.267786	2.405
GCA_016840485_1_ASM1684048v1	Baldrarchaeia	Public	91.67	7.01	3.207774	3.475
GCA_016840505_1_ASM1684050v1	Wukongarchaeia	Public	71.47	6.78	1.187662	1.527
GCA_016840515_1_ASM1684051v1	Sifarchaeia	Public	95.02	5.61	3.630703	3.812
GCA_016840545_1_ASM1684054v1	Lokiarchaeales	Public	74.45	1.4	2.882073	3.618
GCA_016840565_1_ASM1684056v1	Thorarchaeia	Public	61.21	2.73	1.27378	1.768
GCA_016840585_1_ASM1684058v1	Hermodarchaeia	Public	87.38	4.67	2.719647	3.063
GCA_016840595_1_ASM1684059v1	Hermodarchaeia	Public	59.93	0.93	2.205555	3.089
GCA_016840625_1_ASM1684062v1	Thorarchaeia	Public	86.96	8.55	2.774658	3.136
GCA_016840645_1_ASM1684064v1	Sifarchaeia	Public	82.96	0.93	4.743374	5.552
GCA_016840655_1_ASM1684065v1	Lokiarchaeales	Public	90.65	3.27	4.861696	5.316
GCA_016840685_1_ASM1684068v1	Thorarchaeia	Public	94.39	3.27	3.228751	3.41
GCA_016840695_1_ASM1684069v1	Lokiarchaeales	Public	63.73	0.93	2.683146	3.656
GCA_016840725_1_ASM1684072v1	Wukongarchaeia	Public	85.05	6.54	2.041124	2.346
GCA_016840745_1_ASM1684074v1	Lokiarchaeales	Public	72.59	4.64	3.250384	4.141
GCA_016840765_1_ASM1684076v1	Hermodarchaeia	Public	79.76	5.14	2.313914	2.782
GCA_016840785_1_ASM1684078v1	Thorarchaeia	Public	80.84	0.47	3.113244	3.71
GCA_016840795_1_ASM1684079v1	Thorarchaeia	Public	89.72	3.27	2.164057	2.387
GCA_016840825_1_ASM1684082v1	Thorarchaeia	Public	85.91	0	4.250437	4.849
GCA_016840845_1_ASM1684084v1	Thorarchaeia	Public	72.54	4.52	3.875534	4.94
GCA_016840855_1_ASM1684085v1	Thorarchaeia	Public	85.05	0.93	3.361515	3.864
GCA_016840885_1_ASM1684088v1	Thorarchaeia	Public	71.73	6.31	2.243881	2.878
GCA_016840905_1_ASM1684090v1	Gerdarchaeales	Public	68.15	0	2.305923	3.04
GCA_016840925_1_ASM1684092v1	Thorarchaeia	Public	68.69	0	2.767388	3.634
GCA_016840945_1_ASM1684094v1	Gerdarchaeales	Public	85.98	0.47	4.417709	5.037
GCA_016840965_1_ASM1684096v1	Thorarchaeia	Public	72.9	1.4	3.093005	3.931
GCA_016840985_1_ASM1684098v1	Helarchaeales	Public	79.91	4.19	3.953574	4.748
GCA_016841005_1_ASM1684100v1	Thorarchaeia	Public	68.69	0.93	4.437373	5.827
GCA_016926735_1_ASM1692673v1	Lokiarchaeales	Public	90.65	5.14	3.880929	4.244
GCA_016927615_1_ASM1692761v1	Gerdarchaeales	Public	86.45	7.94	3.792542	4.306
GCA_016930515_1_ASM1693051v1	Lokiarchaeales	Public	85.98	2.34	3.999874	4.561
GCA_016932935_1_ASM1693293v1	Lokiarchaeales	Public	81.13	3.74	5.105683	6.069
GCA_016933055_1_ASM1693305v1	Lokiarchaeales	Public	94.39	4.21	3.760042	3.971
GCA_016933575_1_ASM1693357v1	Thorarchaeia	Public	86.92	4.42	3.466336	3.92
GCA_017654525_1_ASM1765452v1	Thorarchaeia	Public	73.22	3.27	2.466276	3.127
GCA_018238085_1_ASM1823808v1	Gerdarchaeales	Public	66.31	6.54	1.865125	2.493
GCA_018238095_1_ASM1823809v1	Heimdallarchaeaceae	Public	85.98	6.46	2.413604	2.752
GCA_018238125_1_ASM1823812v1	Gerdarchaeales	Public	65.19	5.61	2.774397	3.74
GCA_018238145_1_ASM1823814v1	Lokiarchaeales	Public	79.92	5.68	2.986857	3.587
GCA_018238155_1_ASM1823815v1	Gerdarchaeales	Public	94.39	7.94	4.079995	4.309
GCA_018238185_1_ASM1823818v1	Thorarchaeia	Public	86.92	4.21	2.432964	2.751
GCA_018238205_1_ASM1823820v1	Thorarchaeia	Public	94.86	4.74	3.574248	3.758
GCA_018238215_1_ASM1823821v1	Thorarchaeia	Public	93.93	6.54	3.376067	3.581
GCA_018238245_1_ASM1823824v1	Heimdallarchaeaceae	Public	81.31	5.57	2.789941	3.311
GCA_018238265_1_ASM1823826v1	Thorarchaeia	Public	91.12	9.96	3.0964	3.371
GCA_018238285_1_ASM1823828v1	Thorarchaeia	Public	88.79	4.82	2.834456	3.152
GCA_018238305_1_ASM1823830v1	Lokiarchaeales	Public	91.59	6.23	3.774736	4.092
GCA_018238315_1_ASM1823831v1	Lokiarchaeales	Public	67.68	9.81	3.835781	5.076
GCA_018238345_1_ASM1823834v1	Lokiarchaeales	Public	86.92	3.74	3.51583	3.976
GCA_018238365_1_ASM1823836v1	Thorarchaeia	Public	65.2	0	1.001426	1.35
GCA_018238375_1_ASM1823837v1	Thorarchaeia	Public	92.06	3.27	2.508877	2.708
GCA_018238405_1_ASM1823840v1	Lokiarchaeales	Public	65.73	7.51	3.833532	5.147
GCA_018238425_1_ASM1823842v1	Lokiarchaeales	Public	62.72	5.45	3.414885	4.688
GCA_018238445_1_ASM1823844v1	Thorarchaeia	Public	93.93	4.21	3.03809	3.223
GCA_018238455_1_ASM1823845v1	Lokiarchaeales	Public	61.95	6.54	2.572786	3.552
GCA_018238465_1_ASM1823846v1	Thorarchaeia	Public	66.47	0.93	0.821653	1.097
GCA_018238505_1_ASM1823850v1	Lokiarchaeales	Public	77.46	9.35	3.118692	3.822
GCA_018238525_1_ASM1823852v1	Thorarchaeia	Public	87.31	3.27	2.392741	2.696
GCA_018238545_1_ASM1823854v1	Heimdallarchaeaceae	Public	94.39	4.21	3.628557	3.832
GCA_018238565_1_ASM1823856v1	Lokiarchaeales	Public	69.96	8.88	2.400114	3.121
GCA_018238575_1_ASM1823857v1	Thorarchaeia	Public	82.94	1.71	2.284368	2.674
GCA_018238585_1_ASM1823858v1	Heimdallarchaeaceae	Public	93.46	3.74	3.237414	3.449
GCA_018238625_1_ASM1823862v1	Lokiarchaeales	Public	89.72	3.27	4.290242	4.731
GCA_018238645_1_ASM1823864v1	Heimdallarchaeaceae	Public	88.79	6.07	3.179846	3.536
GCA_018238665_1_ASM1823866v1	Thorarchaeia	Public	79.83	4.21	2.327786	2.797
GCA_018238685_1_ASM1823868v1	Thorarchaeia	Public	82.24	3.12	2.087151	2.458
GCA_018238705_1_ASM1823870v1	Lokiarchaeales	Public	70.48	3.65	3.491955	4.523
GCA_018238725_1_ASM1823872v1	Lokiarchaeales	Public	89.25	5.68	4.111515	4.554
GCA_018238745_1_ASM1823874v1	Lokiarchaeales	Public	91.12	3.27	3.71819	4.048
GCA_018238755_1_ASM1823875v1	Thorarchaeia	Public	78.46	1.87	1.531964	1.862
GCA_018238765_1_ASM1823876v1	Thorarchaeia	Public	71.81	6.54	1.66249	2.131
GCA_018238805_1_ASM1823880v1	Heimdallarchaeaceae	Public	88.79	5.14	2.727477	3.033
GCA_018238825_1_ASM1823882v1	Thorarchaeia	Public	92.06	4.21	2.779452	3
GCA_018238845_1_ASM1823884v1	Lokiarchaeales	Public	64.26	2.8	2.948774	4.003
GCA_018238865_1_ASM1823886v1	Thorarchaeia	Public	69.59	1.4	1.102705	1.438
GCA_018238885_1_ASM1823888v1	Heimdallarchaeaceae	Public	79.76	1.87	2.485218	2.988
GCA_018238895_1_ASM1823889v1	Lokiarchaeales	Public	82.33	9.96	3.596899	4.232
GCA_018238925_1_ASM1823892v1	Thorarchaeia	Public	78.97	3.04	1.504433	1.821
GCA_018238935_1_ASM1823893v1	Thorarchaeia	Public	91.52	9.79	3.169928	3.439
GCA_018238965_1_ASM1823896v1	Lokiarchaeales	Public	81.15	4.52	3.85159	4.578
GCA_018238985_1_ASM1823898v1	Lokiarchaeales	Public	68.87	1.47	2.374469	3.114
GCA_018239005_1_ASM1823900v1	Thorarchaeia	Public	65.04	2.65	1.263707	1.705
GCA_018239015_1_ASM1823901v1	Thorarchaeia	Public	93.46	8.25	3.061509	3.262
GCA_018335335_1_ASM1833533v1	Thorarchaeia	Public	93.93	4.67	2.944246	3.123
GCA_018623815_1_ASM1862381v1	Kariarchaeaceae	Public	81.31	2.18	1.497934	1.778
GCA_019057385_1_ASM1905738v1	Sifarchaeia	Public	94.08	3.74	4.178934	4.426
GCA_019057735_1_ASM1905773v1	Lokiarchaeales	Public	80.37	4.21	3.153508	3.773
GCA_019057745_1_ASM1905774v1	Lokiarchaeales	Public	62.03	0	1.335054	1.842
GCA_019057775_1_ASM1905777v1	Lokiarchaeales	Public	89.25	5.61	6.121161	6.779
GCA_019057795_1_ASM1905779v1	Lokiarchaeales	Public	94.39	4.21	4.954131	5.232
GCA_019057815_1_ASM1905781v1	Heimdallarchaeaceae	Public	95.33	4.21	3.735735	3.91
GCA_019057835_1_ASM1905783v1	Lokiarchaeales	Public	74.45	5.14	4.364632	5.48
GCA_019057855_1_ASM1905785v1	Lokiarchaeales	Public	75.56	3.74	3.490429	4.343
GCA_019057865_1_ASM1905786v1	Lokiarchaeales	Public	89.88	3.27	4.263694	4.695
GCA_019057895_1_ASM1905789v1	Lokiarchaeales	Public	77.88	6.54	3.204566	3.913
GCA_019057915_1_ASM1905791v1	Lokiarchaeales	Public	73.7	2.72	2.573932	3.251
GCA_019057935_1_ASM1905793v1	Lokiarchaeales	Public	57.66	1.87	1.260593	1.794
GCA_019057955_1_ASM1905795v1	Lokiarchaeales	Public	85.51	1.87	3.082648	3.529
GCA_019057975_1_ASM1905797v1	Lokiarchaeales	Public	77.51	5.45	5.360919	6.567
GCA_019057995_1_ASM1905799v1	Lokiarchaeales	Public	88.47	6.54	9.047666	10.091
GCA_019058015_1_ASM1905801v1	Lokiarchaeales	Public	91.74	4.21	3.841276	4.159
GCA_019058035_1_ASM1905803v1	Lokiarchaeales	Public	88.47	5.37	3.907259	4.358
GCA_019058055_1_ASM1905805v1	Lokiarchaeales	Public	87.25	4.28	2.870149	3.236
GCA_019058075_1_ASM1905807v1	Lokiarchaeales	Public	80.92	4.21	3.106804	3.7
GCA_019058095_1_ASM1905809v1	Lokiarchaeales	Public	91.28	4.21	4.187652	4.553
GCA_019058135_1_ASM1905813v1	Lokiarchaeales	Public	85.36	4.21	3.579478	4.104
GCA_019058155_1_ASM1905815v1	Lokiarchaeales	Public	54.37	3.27	1.794876	2.614
GCA_019058165_1_ASM1905816v1	Gerdarchaeales	Public	91.3	6.54	3.357971	3.65
GCA_019058195_1_ASM1905819v1	Gerdarchaeales	Public	94.39	7.94	4.421869	4.67
GCA_019058215_1_ASM1905821v1	Lokiarchaeales	Public	90.81	6.22	4.457983	4.868
GCA_019058235_1_ASM1905823v1	Thorarchaeia	Public	56.64	2.34	1.630328	2.337
GCA_019058245_1_ASM1905824v1	Lokiarchaeales	Public	73.52	1.4	3.086466	3.904
GCA_019058275_1_ASM1905827v1	Gerdarchaeales	Public	95.33	7.01	4.121384	4.314
GCA_019058295_1_ASM1905829v1	Lokiarchaeales	Public	69.52	0.93	3.200869	4.176
GCA_019058315_1_ASM1905831v1	Helarchaeales	Public	95.33	4.74	5.794606	6.065
GCA_019058355_1_ASM1905835v1	Lokiarchaeales	Public	83.18	9.92	6.464686	7.552
GCA_019058365_1_ASM1905836v1	Lokiarchaeales	Public	91.59	2.8	4.739778	5.138
GCA_019058395_1_ASM1905839v1	Lokiarchaeales	Public	86.92	4.21	6.382533	7.217
GCA_019058415_1_ASM1905841v1	Lokiarchaeales	Public	66.82	4.67	4.462873	5.944
GCA_019058425_1_ASM1905842v1	Lokiarchaeales	Public	89.41	5.14	4.643675	5.135
GCA_019058445_1_ASM1905844v1	Lokiarchaeales	Public	85.05	1.87	4.611789	5.301
GCA_019058475_1_ASM1905847v1	Sifarchaeia	Public	52.44	0	1.970959	2.908
GCA_019058495_1_ASM1905849v1	Atabeyarchaeia	Public	95.48	3.74	2.88186	3.012
GCA_019058515_1_ASM1905851v1	Lokiarchaeales	Public	88.79	2.8	5.468192	6.081
GCA_019058535_1_ASM1905853v1	Sifarchaeia	Public	93.15	3.74	3.679462	3.932
GCA_019058555_1_ASM1905855v1	Thorarchaeia	Public	51.04	0	2.168728	3.231
GCA_019058575_1_ASM1905857v1	Atabeyarchaeia	Public	83.64	2.34	2.895412	3.369
GCA_019894655_1_ASM1989465v1	Lokiarchaeales	Public	58.21	1.4	2.432428	3.449
GCA_019894665_1_ASM1989466v1	Thorarchaeia	Public	88.32	4.74	3.044924	3.401
GCA_019894685_1_ASM1989468v1	Lokiarchaeales	Public	69.16	5.37	2.396098	3.135
GCA_019894715_1_ASM1989471v1	Lokiarchaeales	Public	88.79	2.34	3.361411	3.738
GCA_019894735_1_ASM1989473v1	Lokiarchaeales	Public	84.51	3.27	3.188086	3.682
GCA_019894755_1_ASM1989475v1	Lokiarchaeales	Public	65.42	2.4	2.174476	2.926
GCA_019894765_1_ASM1989476v1	Gerdarchaeales	Public	91.59	7.94	3.365319	3.648
GCA_019894795_1_ASM1989479v1	Heimdallarchaeaceae	Public	93.22	3.27	3.067039	3.275
GCA_019894815_1_ASM1989481v1	Lokiarchaeales	Public	75.78	3.02	2.134786	2.652
GCA_019894835_1_ASM1989483v1	Lokiarchaeales	Public	64.64	2.34	2.03702	2.757
GCA_019894855_1_ASM1989485v1	Lokiarchaeales	Public	78.9	2.8	2.535434	3.07
GCA_019894875_1_ASM1989487v1	Lokiarchaeales	Public	83.33	4.21	3.519499	4.106
GCA_019894885_1_ASM1989488v1	Lokiarchaeales	Public	73.14	3.74	3.219989	4.085
GCA_019894955_1_ASM1989495v1	Lokiarchaeales	Public	81.31	2.34	2.765914	3.283
GCA_019894975_1_ASM1989497v1	Lokiarchaeales	Public	88.32	5.14	3.925903	4.384
GCA_020343655_1_ASM2034365v1	Lokiarchaeales	Public	79.91	2.34	2.265924	2.721
GCA_020344955_1_ASM2034495v1	Lokiarchaeales	Public	80.84	2.34	3.343705	3.984
GCA_020348965_1_ASM2034896v1	Hodarchaeales	Public	74.57	1.4	3.155959	3.959
GCA_020348985_1_ASM2034898v1	Thorarchaeia	Public	84.04	3.74	3.157342	3.661
GCA_020351745_1_ASM2035174v1	Hodarchaeales	Public	69.16	0.93	1.389446	1.818
GCA_020353515_1_ASM2035351v1	Hodarchaeales	Public	92.99	3.74	4.943496	5.29
GCA_020355105_1_ASM2035510v1	Thorarchaeia	Public	80.91	4.21	2.579137	3.071
GCA_021158895_1_ASM2115889v1	Baldrarchaeia	Public	85.67	3.74	1.248337	1.427
GCA_021160805_1_ASM2116080v1	Asgardarchaeia	Public	52.19	0	0.632287	0.935
GCA_021161985_1_ASM2116198v1	Asgardarchaeia	Public	75.23	7.44	2.385259	2.976
GCA_021162905_1_ASM2116290v1	Asgardarchaeia	Public	81.31	5.14	2.519206	2.99
GCA_021163045_1_ASM2116304v1	Njordarchaeales	Public	78.66	2.8	1.51029	1.833
GCA_021498085_1_ASM2149808v1	Gerdarchaeales	Public	94.86	6.07	3.184684	3.348
GCA_021498095_1_ASM2149809v1	Lokiarchaeales	Public	93.93	3.27	4.361485	4.626
GCA_021498125_1_ASM2149812v1	Thorarchaeia	Public	95.33	3.74	3.114748	3.26
GCA_021513695_1_ASM2151369v1	Heimdallarchaeaceae	Public	93.46	2.65	3.081793	3.283
GCA_021513715_1_ASM2151371v1	Heimdallarchaeaceae	Public	95.33	2.34	3.326783	3.482
GCA_022574115_1_ASM2257411v1	Kariarchaeaceae	Public	71.3	0.47	3.595926	4.628
GCA_022866525_1_ASM2286652v1	Lokiarchaeales	Public	81.15	7.48	4.576935	5.44
GCA_023127985_1_ASM2312798v1	Lokiarchaeales	Public	62.45	1.4	2.104066	2.894
GCA_023128215_1_ASM2312821v1	Heimdallarchaeaceae	Public	70.5	2.8	2.060038	2.668
GCA_023128465_1_ASM2312846v1	Lokiarchaeales	Public	62.02	8.33	2.55773	3.529
GCA_023128565_1_ASM2312856v1	Lokiarchaeales	Public	70.93	0.93	2.029813	2.62
GCA_023128605_1_ASM2312860v1	Thorarchaeia	Public	60.77	2.01	1.330519	1.852
GCA_023128635_1_ASM2312863v1	Gerdarchaeales	Public	75.77	3.74	2.182616	2.711
GCA_023129395_1_ASM2312939v1	Lokiarchaeales	Public	68.67	5.14	1.803349	2.368
GCA_023129495_1_ASM2312949v1	Lokiarchaeales	Public	62.04	0.93	1.960176	2.704
GCA_023131185_1_ASM2313118v1	Thorarchaeia	Public	66.33	5.84	1.586054	2.12
GCA_023132455_1_ASM2313245v1	Thorarchaeia	Public	78.59	3.81	2.540274	3.084
GCA_023132955_1_ASM2313295v1	Heimdallarchaeaceae	Public	92.52	4.21	3.580978	3.849
GCA_023133715_1_ASM2313371v1	Lokiarchaeales	Public	70.81	0.93	1.954385	2.525
GCA_023134215_1_ASM2313421v1	Thorarchaeia	Public	62.22	0	0.635021	0.875
GCA_023134625_1_ASM2313462v1	Hodarchaeales	Public	69.47	2.8	2.066449	2.697
GCA_023134855_1_ASM2313485v1	Heimdallarchaeaceae	Public	67.32	4.67	1.699901	2.255
GCA_023135215_1_ASM2313521v1	Heimdallarchaeaceae	Public	92.52	1.4	2.886057	3.102
GCA_023135665_1_ASM2313566v1	Heimdallarchaeaceae	Public	63.01	2.34	1.619692	2.219
GCA_023136245_1_ASM2313624v1	Heimdallarchaeaceae	Public	82.67	2.34	2.266433	2.659
GCA_023136515_1_ASM2313651v1	Heimdallarchaeaceae	Public	60.25	1.87	1.544437	2.158
GCA_023137035_1_ASM2313703v1	Gerdarchaeales	Public	68.62	3.97	2.450605	3.22
GCA_023137225_1_ASM2313722v1	Kariarchaeaceae	Public	73.95	1.87	2.222536	2.802
GCA_023139025_1_ASM2313902v1	Heimdallarchaeaceae	Public	86.45	0.93	2.748435	3.121
GCA_023139085_1_ASM2313908v1	Heimdallarchaeaceae	Public	60.07	0.93	1.219241	1.706
GCA_023139145_1_ASM2313914v1	Gerdarchaeales	Public	64.34	5.1	2.132573	2.893
GCA_023139155_1_ASM2313915v1	Thorarchaeia	Public	72.26	4.21	2.155723	2.754
GCA_023139415_1_ASM2313941v1	Gerdarchaeales	Public	68.82	0.93	2.363132	3.1
GCA_023139815_1_ASM2313981v1	Thorarchaeia	Public	77.17	6.07	2.743844	3.37
GCA_023139955_1_ASM2313995v1	Thorarchaeia	Public	61.69	9.48	2.13092	2.947
GCA_023140315_1_ASM2314031v1	Gerdarchaeales	Public	67.6	1.71	2.045013	2.708
GCA_023140335_1_ASM2314033v1	Heimdallarchaeaceae	Public	68.88	2.34	1.520184	1.993
GCA_023140375_1_ASM2314037v1	Thorarchaeia	Public	70.27	4.05	1.747346	2.267
GCA_023141005_1_ASM2314100v1	Thorarchaeia	Public	65.85	2.34	1.518187	2.037
GCA_023142255_1_ASM2314225v1	Heimdallarchaeaceae	Public	61.34	1.71	1.398514	1.939
GCA_023143835_1_ASM2314383v1	Sifarchaeia	Public	70.88	2.79	1.480367	1.911
GCA_023270155_1_ASM2327015v1	Heimdallarchaeaceae	Public	85.51	0	2.577344	2.951
GCA_024275415_1_ASM2427541v1	Thorarchaeia	Public	94.39	4.98	3.525578	3.723
GCA_024276395_1_ASM2427639v1	Hodarchaeales	Public	84.35	1.4	3.755516	4.343
GCA_024276795_1_ASM2427679v1	Kariarchaeaceae	Public	87.07	2.34	2.721239	3.073
GCA_024276825_1_ASM2427682v1	Thorarchaeia	Public	95.79	3.27	2.935212	3.059
GCA_024278115_1_ASM2427811v1	Kariarchaeaceae	Public	81.16	2.88	3.622665	4.305
GCA_024280435_1_ASM2428043v1	Kariarchaeaceae	Public	93.31	4.28	4.0328	4.303
GCA_024720815_1_ASM2472081v1	Njordarchaeales	Public	81.09	0.47	1.228896	1.461
GCA_024720835_1_ASM2472083v1	Njordarchaeales	Public	61.38	0	1.115089	1.546
GCA_024720855_1_ASM2472085v1	Njordarchaeales	Public	80.46	1.4	1.317496	1.575
GCA_024720875_1_ASM2472087v1	Njordarchaeales	Public	81.94	0.47	1.248635	1.474
GCA_024720895_1_ASM2472089v1	Njordarchaeales	Public	83.81	0.93	1.425842	1.657
GCA_024720915_1_ASM2472091v1	Njordarchaeales	Public	82.87	0.47	1.257256	1.473
GCA_024720935_1_ASM2472093v1	Njordarchaeales	Public	82.87	0.47	1.260635	1.477
GCA_024720955_1_ASM2472095v1	Njordarchaeales	Public	83.81	1.87	1.428557	1.66
GCA_024720975_1_ASM2472097v1	Njordarchaeales	Public	85.21	0.93	1.356939	1.558
GCA_024720985_1_ASM2472098v1	Njordarchaeales	Public	81.94	0	1.267925	1.497
RPF2	Freyarchaeia	Public	94.55	3.27	3.541489	3.735
M288	Njordarchaeales	Public	82.02	2.8	2.31	2.725
M3_10_Bin_237	Thorarchaeia	Private	63.66	2.8	1.8152	2.475
M3_30_Bin_130	Hodarchaeales	Private	82.94	2.8	3.330772	3.899
M3_30_Bin_136	Thorarchaeia	Private	91.12	1.87	3.710827	4.04
M3_30_Bin_143	Kariarchaeaceae	Private	51.13	1.87	3.673219	5.468
M3_30_Bin_165	Hodarchaeales	Private	75.32	4.42	2.946751	3.674
M3_30_Bin_210	Hodarchaeales	Private	88.79	3.27	3.795626	4.221
M3_30_Bin_238	Thorarchaeia	Private	91.59	3.74	3.675718	3.985
M3_30_Bin_242	Thorarchaeia	Private	88.43	1.87	3.243356	3.619
M3_30_Bin_276	Hodarchaeales	Private	87.25	5.14	4.204422	4.74
M3_30_Bin_286	Thorarchaeia	Private	62.11	8.55	1.828348	2.521
M3_30_Bin_336	Heimdallarchaeaceae	Private	86.6	1.87	2.083807	2.363
M3_30_Bin_353	Hodarchaeales	Private	69.66	6.07	4.17017	5.435
M3_30_Bin_364	Hodarchaeales	Private	89.65	6.07	4.419286	4.877
M3_30_Bin_42	Hodarchaeales	Private	90.65	6.69	6.184642	6.763
M3_30_Bin_48	Lokiarchaeales	Private	61.3	9.42	3.399596	4.715
M3_30_Bin_73	Thorarchaeia	Private	90.65	5.14	3.415348	3.735
M3_38_Bin_107	Thorarchaeia	Private	90.19	3.74	4.009204	4.403
M3_38_Bin_135_clean	Hodarchaeales	Private	72.3	8.29	4.785412	6.111
M3_38_Bin_151	Thorarchaeia	Private	77.33	1.87	3.114595	3.821
M3_38_Bin_171_clean	Thorarchaeia	Private	90.65	9.81	5.386721	5.89
M3_38_Bin_173_clean	Hodarchaeales	Private	91.3	6.61	5.620362	6.109
M3_38_Bin_18	Hodarchaeales	Private	64.97	1.87	2.787037	3.763
M3_38_Bin_207	Thorarchaeia	Private	75.39	4.52	3.686707	4.594
M3_38_Bin_22	Hodarchaeales	Private	80.2	8.88	4.855565	5.817
M3_38_Bin_235	Heimdallarchaeaceae	Private	70.02	2.49	1.691692	2.199
M3_38_Bin_28_clean	Lokiarchaeales	Private	79.44	8.41	5.118141	6.17
M3_38_Bin_300	Hodarchaeales	Private	62.69	6.54	3.168721	4.351
M3_38_Bin_305	Kariarchaeaceae	Private	85.92	3.27	6.302966	7.19
M3_38_Bin_335	Thorarchaeia	Private	88.01	1.87	2.896907	3.244
M3_38_Bin_337	Lokiarchaeales	Private	79.91	4.67	4.238637	5.09
M3_38_Bin_361	Hodarchaeales	Private	88.94	2.8	4.421612	4.911
M3_38_Bin_366_clean	Hodarchaeales	Private	94.86	7.17	6.260886	6.583
M3_38_Bin_376	Thorarchaeia	Private	76.29	5.68	2.865575	3.545
M3_38_Bin_380_clean	Lokiarchaeales	Private	58.58	6.54	3.196922	4.521
M3_38_Bin_382	Thorarchaeia	Private	58.07	4.67	1.948386	2.765
M3_38_Bin_386_clean	Kariarchaeaceae	Private	57.4	8.09	5.044108	7.193
M3_38_Bin_406	Lokiarchaeales	Private	89.41	6.07	4.914736	5.435
M3_38_Bin_423	Thorarchaeia	Private	90.19	4.24	3.280537	3.602
M3_38_Bin_438	Hodarchaeales	Private	86.68	6.07	3.762879	4.264
M3_38_Bin_452	Hodarchaeales	Private	60.99	4.67	2.09108	2.907
M3_38_Bin_455_clean	Hodarchaeales	Private	85.36	4.67	5.88204	6.743
M3_38_Bin_77	Hodarchaeales	Private	84.04	7.01	4.172996	4.839
M3_38_Bin_97_clean	Thorarchaeia	Private	67.77	9.57	4.300009	5.686
M3_44_Bin_122	Thorarchaeia	Private	91.59	2.34	3.929191	4.26
M3_44_Bin_131	Hodarchaeales	Private	82.24	9.19	6.150038	7.242
M3_44_Bin_221	Thorarchaeia	Private	90.19	4.67	4.136442	4.542
M3_44_Bin_237	Thorarchaeia	Private	79.12	9.49	3.935792	4.758
M3_44_Bin_287	Thorarchaeia	Private	75.55	7.05	2.543187	3.165
M3_44_Bin_299	Lokiarchaeales	Private	83.8	5.14	4.736009	5.503
M3_44_Bin_309	Thorarchaeia	Private	87.06	6.07	3.334779	3.766
M3_44_Bin_333	Thorarchaeia	Private	82.39	5.61	3.207548	3.772
M3_44_Bin_347	Hodarchaeales	Private	90.19	3.74	4.508706	4.951
M3_44_Bin_361	Thorarchaeia	Private	87.54	3.27	2.945063	3.312
M3_44_Bin_376	Hodarchaeales	Private	88.24	8.41	3.784447	4.229
M3_44_Bin_378	Kariarchaeaceae	Private	83.42	9.96	5.160744	6.016
M3_44_Bin_429	Thorarchaeia	Private	90.19	4.67	3.448063	3.786
M8_32_Bin_163	Thorarchaeia	Private	85.51	4.05	2.975882	3.407
M8_32_Bin_172	Lokiarchaeales	Private	70.72	3.77	3.390852	4.384
M8_32_Bin_264	Thorarchaeia	Private	91.59	3.09	3.486547	3.78
M8_32_Bin_293	Thorarchaeia	Private	60.36	3.34	1.790794	2.501
M8_44_Bin_141	Thorarchaeia	Private	85.12	3.74	3.435519	3.947
M8_44_Bin_15	Lokiarchaeales	Private	73.92	3.02	3.189629	4.021
M8_44_Bin_154	Thorarchaeia	Private	88.71	8.84	3.377264	3.759
M8_44_Bin_190	Hodarchaeales	Private	80.15	5.43	4.165044	4.992
M8_44_Bin_202	Thorarchaeia	Private	86.76	7.94	3.292041	3.728
M8_44_Bin_219	Thorarchaeia	Private	88.79	1.87	3.477986	3.868
M8_44_Bin_231	Hodarchaeales	Private	88.08	3.74	4.046289	4.529
M8_44_Bin_242	Thorarchaeia	Private	78.97	2.8	2.36915	2.867
M8_44_Bin_255	Lokiarchaeales	Private	77.19	5.14	3.945948	4.846
M8_44_Bin_295	Ranarchaeia	Private	83.8	2.8	1.294094	1.504
M8_44_Bin_330	Lokiarchaeales	Private	87.15	5.61	4.02061	4.537
M8_44_Bin_342_clean	Thorarchaeia	Private	68.32	7.48	2.649562	3.489
M8_44_Bin_35	Thorarchaeia	Private	62.8	8.38	1.98341	2.721
M8_58_Bin_135	Thorarchaeia	Private	85.91	5.99	4.293352	4.898
M8_58_Bin_146	Thorarchaeia	Private	89.25	1.87	3.730364	4.131
M8_58_Bin_151_clean	Hodarchaeales	Private	71.61	8.09	3.983216	5.114
M8_58_Bin_169	Hodarchaeales	Private	76.19	4.28	4.186001	5.183
M8_58_Bin_177	Thorarchaeia	Private	85.12	8.72	4.425689	5.084
M8_58_Bin_182_clean	Hodarchaeales	Private	85.83	6.54	4.597456	5.249
M8_58_Bin_189_clean	Thorarchaeia	Private	85.51	6.54	4.297998	4.921
M8_58_Bin_191_clean	Kariarchaeaceae	Private	71.65	6.07	5.078173	6.518
M8_58_Bin_202	Thorarchaeia	Private	54.28	9.11	5.884784	8.575
M8_58_Bin_246	Lokiarchaeales	Private	51.12	1.87	2.410045	3.588
M8_58_Bin_297_clean	Kariarchaeaceae	Private	67.06	9.17	3.890032	5.171
M8_58_Bin_307	Lokiarchaeales	Private	88.47	7.01	5.132067	5.724
M8_58_Bin_354	Lokiarchaeales	Private	91.74	4.67	4.280724	4.634
M8_58_Bin_368	Thorarchaeia	Private	88.32	3.74	3.295038	3.68
M8_58_Bin_389	Sifarchaeia	Private	64.49	7	1.87212	2.537
M8_58_Bin_407	Hodarchaeales	Private	72.59	2.95	2.904719	3.701
M8_58_Bin_408	Hodarchaeales	Private	89.49	3.74	3.925364	4.338
M8_58_Bin_410	Thorarchaeia	Private	64.51	6.29	2.708891	3.67
M8_58_Bin_497	Hodarchaeales	Private	84.9	2.16	4.155797	4.783
M8_58_Bin_52	Hodarchaeales	Private	51.93	3.74	2.277161	3.372
M8_58_Bin_56_clean	Thorarchaeia	Private	59.55	8.41	2.528531	3.551
M8_58_Bin_88	Thorarchaeia	Private	80.78	8.88	3.363446	4.01
M8_62_Bin_108_clean	Lokiarchaeales	Private	83.64	9.81	4.445101	5.172
M8_62_Bin_112	Lokiarchaeales	Private	85.05	7.7	5.55732	6.388
M8_62_Bin_113	Lokiarchaeales	Private	85.67	6.07	5.390344	6.163
M8_62_Bin_119_clean	Hodarchaeales	Private	61.53	2.18	2.575312	3.566
M8_62_Bin_12	Hodarchaeales	Private	66.64	8.41	4.012763	5.351
M8_62_Bin_124_clean	Thorarchaeia	Private	74.56	9.81	3.882415	4.87
M8_62_Bin_136_clean	Thorarchaeia	Private	90.65	7.01	4.574384	5.002
M8_62_Bin_151	Thorarchaeia	Private	91.12	2.34	3.580836	3.899
M8_62_Bin_21_clean	Lokiarchaeales	Private	58.52	6.07	2.625406	3.714
M8_62_Bin_212	Hodarchaeales	Private	90.65	4.21	4.65709	5.093
M8_62_Bin_225	Heimdallarchaeaceae	Private	85.05	4.52	2.824931	3.247
M8_62_Bin_241	Hodarchaeales	Private	68.8	4.67	3.995402	5.242
M8_62_Bin_273	Thorarchaeia	Private	92.52	7.79	4.378319	4.706
M8_62_Bin_275	Hodarchaeales	Private	89.49	3.74	3.899722	4.31
M8_62_Bin_303	Thorarchaeia	Private	60.06	5.28	1.471522	2.059
M8_62_Bin_310	Thorarchaeia	Private	88.32	3.74	3.346075	3.737
M8_62_Bin_312	Thorarchaeia	Private	80.45	4.67	2.901958	3.469
M8_62_Bin_321	Thorarchaeia	Private	62.22	4.28	3.050408	4.203
M8_62_Bin_362	Kariarchaeaceae	Private	71.75	7.44	6.141848	7.877
M8_62_Bin_377	Lokiarchaeales	Private	89.41	4.67	4.200563	4.645
M8_62_Bin_56	Thorarchaeia	Private	50.25	0	1.675328	2.509
M8_62_Bin_65	Thorarchaeia	Private	78.06	8.88	3.29444	4.017
M8_62_Bin_8	Lokiarchaeales	Private	62.47	0.93	2.903961	3.994
M8_62_Bin_80_clean	Thorarchaeia	Private	76.73	8.02	3.454453	4.258
M8_62_Bin_83	Hodarchaeales	Private	57.87	4.52	3.929467	5.585
Meg19_1012_Bin_106	Thorarchaeia	Private	52.92	3.27	1.799455	2.647
Meg19_1012_Bin_144	Lokiarchaeales	Private	57.28	0	1.459045	2.082
Meg19_1012_Bin_162	Lokiarchaeales	Private	73.45	3.74	3.423774	4.333
Meg19_1012_Bin_170	Thorarchaeia	Private	92.52	4.05	3.580991	3.849
Meg19_1012_Bin_19	Lokiarchaeales	Private	72.69	5.14	3.069375	3.908
Meg19_1012_Bin_206	Gerdarchaeales	Private	75.78	5.61	2.01057	2.498
Meg19_1012_Bin_225	Hodarchaeales	Private	72.27	0.47	1.362204	1.74
Meg19_1012_Bin_228	Lokiarchaeales	Private	88.32	4.21	4.443713	4.963
Meg19_1012_Bin_246	Heimdallarchaeaceae	Private	85.51	2.34	2.678869	3.067
Meg19_1012_Bin_34	Thorarchaeia	Private	56.16	2.88	1.687379	2.427
Meg19_1012_Bin_417	Heimdallarchaeaceae	Private	91.59	3.58	3.097729	3.358
Meg19_1012_Bin_444	Hodarchaeales	Private	85.91	3.27	3.418516	3.9
Meg19_1012_Bin_476	Lokiarchaeales	Private	60.39	6.07	2.923938	4.082
Meg19_1012_Bin_489	Gerdarchaeales	Private	89.72	5.28	3.535924	3.899
Meg19_1012_Bin_49	Lokiarchaeales	Private	68.15	4.42	1.721449	2.27
Meg19_1012_Bin_504	Helarchaeales	Public	85.98	3.74	3.623501	4.132
Meg22_02_Bin_102	Lokiarchaeales	Private	56.35	4.21	2.288999	3.288
Meg22_02_Bin_148	Lokiarchaeales	Private	69.08	3.11	2.783483	3.644
Meg22_02_Bin_168	Gerdarchaeales	Private	89.72	7.01	2.776982	3.062
Meg22_02_Bin_38	Lokiarchaeales	Private	62.88	8.17	2.136548	2.93
Meg22_02_Bin_50	Hodarchaeales	Private	71.58	2.49	1.805118	2.318
Meg22_1012_Bin_118	Heimdallarchaeaceae	Private	91.59	2.34	2.961612	3.211
Meg22_1012_Bin_131	Lokiarchaeales	Private	52.29	1.47	1.125962	1.663
Meg22_1012_Bin_145	Lokiarchaeales	Private	85.67	5.61	4.23523	4.842
Meg22_1012_Bin_159	Lokiarchaeales	Private	91.3	3.74	5.336783	5.801
Meg22_1012_Bin_162	Odinarchaeia	Private	87.54	1.71	1.957233	2.201
Meg22_1012_Bin_182	Thorarchaeia	Private	92.52	5.61	3.969996	4.267
Meg22_1012_Bin_214	Helarchaeales	Private	94.08	3.74	4.720523	5
Meg22_1012_Bin_230	Heimdallarchaeaceae	Private	95.33	4.21	3.635119	3.805
Meg22_1012_Bin_233	Lokiarchaeales	Public	91.12	3.27	4.516468	4.918
Meg22_1012_Bin_249	Lokiarchaeales	Private	91.59	0.93	4.688633	5.083
Meg22_1012_Bin_275	Helarchaeales	Private	92.52	3.74	3.675429	3.95
Meg22_1012_Bin_281	Helarchaeales	Private	94.08	5.61	4.761749	5.044
Meg22_1012_Bin_285	Lokiarchaeales	Private	86.92	4.21	3.813675	4.313
Meg22_1012_Bin_314	Helarchaeales	Private	95.95	3.63	5.556188	5.781
Meg22_1012_Bin_332	Gerdarchaeales	Private	68.46	2.34	2.984375	3.926
Meg22_1012_Bin_344	Heimdallarchaeaceae	Private	89.25	4.21	3.334709	3.693
Meg22_1012_Bin_354	Lokiarchaeales	Private	80.95	4.52	4.797311	5.711
Meg22_1012_Bin_78	Heimdallarchaeaceae	Private	88.79	1.94	2.561412	2.849
Meg22_1012_Bin_83	Gerdarchaeales	Private	89.72	7.01	3.942977	4.348
SRVP_Freyarchaeota_final_genome	Freyarchaeia	Private	98.13	4.21	3.576204	3.643
Meg22_1214_Bin_101	Odinarchaeia	Private	96.26	4.21	1.580347	1.639
D4994_C39_H2_Bin_3_clean	Freyarchaeia	Private	72.08	5.76	1.84235	2.357
Meg22_1214_Bin_145	Thorarchaeia	Private	92.52	5.92	3.866486	4.156
Meg22_1214_Bin_158	Heimdallarchaeaceae	Private	94.39	3.27	2.956531	3.122
Meg22_1214_Bin_165	Lokiarchaeales	Private	86.6	3.27	4.144193	4.7
Meg22_1214_Bin_169	Helarchaeales	Private	95.48	4.21	4.755767	4.971
Meg22_1214_Bin_179	Heimdallarchaeaceae	Private	86.92	0.93	2.414892	2.731
Meg22_1214_Bin_185	Helarchaeales	Private	78.04	0.93	3.359105	4.097
Meg22_1214_Bin_186	Gerdarchaeales	Private	50.24	1.4	2.624811	3.931
Meg22_1214_Bin_189	Lokiarchaeales	Private	92.52	2.34	5.407923	5.812
Meg22_1214_Bin_191	Lokiarchaeales	Public	92.06	3.27	4.679625	5.051
Meg22_1214_Bin_20	Helarchaeales	Private	93.39	3.74	3.795456	4.046
Meg22_1214_Bin_213	Lokiarchaeales	Private	78.97	2.8	3.725044	4.508
Meg22_1214_Bin_22	Lokiarchaeales	Private	65.19	5.26	1.803472	2.431
Meg22_1214_Bin_223	Lokiarchaeales	Private	79.91	4.98	2.886714	3.467
Meg22_1214_Bin_226	Lokiarchaeales	Private	91.98	5.14	5.116914	5.527
Meg22_1214_Bin_228	Helarchaeales	Private	94.08	4.21	4.85112	5.138
Meg22_1214_Bin_23	Gerdarchaeales	Private	92.37	4.74	3.870208	4.166
Meg22_1214_Bin_256	Helarchaeales	Private	83.18	5.14	4.365737	5.1
Meg22_1214_Bin_318	Heimdallarchaeaceae	Private	87.78	7.23	3.327052	3.734
Meg22_1214_Bin_40	Lokiarchaeales	Private	86.53	3.27	4.067207	4.615
Meg22_1214_Bin_408	Heimdallarchaeaceae	Private	90.65	4.21	3.433948	3.755
Meg22_1214_Bin_5	Helarchaeales	Private	90.34	5.03	4.425516	4.853
Meg22_1214_Bin_97	Hodarchaeales	Private	73.76	1.94	2.805819	3.542
Meg22_1416_Bin_13	Lokiarchaeales	Private	80.37	0.93	2.84625	3.405
Meg22_1416_Bin_130	Helarchaeales	Private	92.21	4.96	5.631557	6.07
Meg22_1416_Bin_151	Lokiarchaeales	Public	88.32	6.07	4.423782	4.94
Meg22_1416_Bin_16	Heimdallarchaeaceae	Private	85.51	0.93	2.417286	2.768
Meg22_1416_Bin_161	Lokiarchaeales	Private	80.37	3.27	3.811841	4.56
Meg22_1416_Bin_171	Odinarchaeia	Private	64.49	1.4	1.056379	1.431
Meg22_1416_Bin_173	Lokiarchaeales	Private	64.13	2.34	2.305722	3.133
Meg22_1416_Bin_184	Thorarchaeia	Private	72.43	6.51	4.384746	5.594
Meg22_1416_Bin_186	Thorarchaeia	Private	58.81	1.14	1.174718	1.659
D4998_C1112_H1_Bin_361	Freyarchaeia	Private	51.21	0	2.536944	3.775
Meg22_1416_Bin_36	Heimdallarchaeaceae	Private	78.54	0.93	2.194615	2.666
Meg22_1416_Bin_67	Helarchaeales	Private	91.28	3.74	4.887841	5.314
Meg22_1416_Bin_72	Helarchaeales	Private	92.06	3.27	4.895504	5.284
Meg22_1416_Bin_92_2_1	Hodarchaeales	Private	68.69	1.87	2.248291	2.952
Meg22_1618_Bin_103	Lokiarchaeales	Private	84.11	2.34	4.380386	5.076
Meg22_1618_Bin_122	Odinarchaeia	Private	96.26	2.8	1.490629	1.546
D4998_C1112_H2_Bin_75	Freyarchaeia	Private	71.42	7.01	1.574977	2.025
Meg22_1618_Bin_161	Helarchaeales	Private	89.72	6.54	6.164191	6.798
Meg22_1618_Bin_17	Lokiarchaeales	Private	74.66	0.93	3.283375	4.115
Meg22_1618_Bin_30	Heimdallarchaeaceae	Private	80.37	7.01	3.248568	3.886
Meg22_1618_Bin_45	Thorarchaeia	Private	93.93	3.74	2.827428	2.999
Meg22_1618_Bin_62	Heimdallarchaeaceae	Private	86.45	2.34	2.753283	3.126
Meg22_1618_Bin_74	Hodarchaeales	Private	91.12	3.74	4.016805	4.373
Meg22_24_Bin_100	Gerdarchaeales	Private	86.92	3.58	2.642702	2.988
Meg22_24_Bin_104	Hodarchaeales	Private	53.92	3.12	1.539214	2.248
Meg22_24_Bin_122	Lokiarchaeales	Private	65.42	4.98	2.376434	3.198
Meg22_24_Bin_138	Lokiarchaeales	Private	73.8	8.71	3.507453	4.426
Meg22_24_Bin_167	Gerdarchaeales	Private	53.85	4.03	1.422166	2.078
Meg22_24_Bin_17	Lokiarchaeales	Private	63.95	8.33	3.806694	5.179
Meg22_24_Bin_77	Gerdarchaeales	Private	58.11	4.05	1.239807	1.759
Meg22_46_Bin_151	Gerdarchaeales	Private	63.2	8.26	2.598429	3.555
Meg22_46_Bin_152	Hodarchaeales	Private	67.53	1.08	1.495043	1.98
Meg22_46_Bin_158	Heimdallarchaeaceae	Private	88.79	7.7	2.42499	2.697
Meg22_46_Bin_198	Lokiarchaeales	Private	82.33	4.67	3.63847	4.281
Meg22_46_Bin_212	Heimdallarchaeaceae	Private	88.79	4.52	3.062644	3.406
Meg22_46_Bin_234	Heimdallarchaeaceae	Private	75.47	4.67	3.271982	4.075
Meg22_46_Bin_243	Lokiarchaeales	Private	89.41	4.49	3.571376	3.95
Meg22_46_Bin_83	Gerdarchaeales	Private	79.3	8.41	2.576411	3.11
Meg22_46_Bin_92	Gerdarchaeales	Private	63.99	7.54	2.611994	3.553
Meg22_810_Bin_115	Gerdarchaeales	Private	70.56	5.06	3.220749	4.169
Meg22_810_Bin_118	Thorarchaeia	Private	93.46	4.67	3.785365	4.033
Meg22_810_Bin_168	Helarchaeales	Private	89.8	2.8	3.581751	3.947
Meg22_810_Bin_213	Hodarchaeales	Private	83.42	6.22	4.074561	4.75
Meg22_810_Bin_230	Lokiarchaeales	Private	79.6	4.35	3.221307	3.878
Meg22_810_Bin_25	Heimdallarchaeaceae	Private	88.28	2.8	2.266479	2.532
Meg22_810_Bin_250	Lokiarchaeales	Private	77.73	2.34	4.86339	5.946
Meg22_810_Bin_9	Gerdarchaeales	Private	79.67	7.01	3.558274	4.282
Meg22_810_Bin_92	Helarchaeales	Private	73.32	3.27	3.276713	4.151
OWC_Bin2	Thorarchaeia	Public	86.45	3.74	2.68808	3.052
OWC_Bin3	Thorarchaeia	Public	87.31	3.27	2.732298	3.079
OWC_Bin5	Thorarchaeia	Public	87.85	3.74	2.277301	2.554
D4998_C1112_H3_Bin_32_clean	Freyarchaeia	Private	95.79	4.67	2.369017	2.469
D4998_C1112_H3_Bin_55_clean	Freyarchaeia	Private	90.76	3.12	2.764984	3.02
D4998_C2223_H2_Bin_199	Freyarchaeia	Private	64.1	0.93	2.860542	3.887
Meg22_1012_Bin_95	Freyarchaeia	Private	94.86	6.07	3.793596	3.989
RPA3	Odinarchaeia	Public	94.39	1.87	1.320653	1.395
Meg22_1214_Bin_132	Freyarchaeia	Private	92.52	4.21	3.282622	3.528
Meg22_1416_Bin_21_NC	Freyarchaeia	Private	69	6.54	2.94432	3.857
S2_bin16	Lokiarchaeales	Public	83.8	6.07	5.339927	6.205
S2_bin19	Thorarchaeia	Public	51.56	5.58	2.542929	3.775
S2_bin51	Heimdallarchaeaceae	Public	91.59	1.4	3.227787	3.499
S4_bin14	Lokiarchaeales	Public	81.46	0.47	2.279232	2.702
S5_bin18	Thorarchaeia	Public	86.92	3.27	3.629393	4.104
S5_bin29	Lokiarchaeales	Public	58.65	1.4	1.544808	2.184
S6_bin33	Thorarchaeia	Public	62.01	0	1.041133	1.437
S7_bin1	Thorarchaeia	Public	86.45	0.93	1.438833	1.634
S7_bin6	Thorarchaeia	Public	60.75	5.28	2.242166	3.122
S8_bin41	Lokiarchaeales	Public	54.52	7.01	1.732396	2.52
SHR11	Heimdallarchaeaceae	Public	93.46	1.4	3.871521	4.125
SMTZ_45	Thorarchaeia	Public	70.78	4.67	2.357191	3.046
SMTZ1_45_clean	Thorarchaeia	Private_Updated	75.83	7.01	3.406294	4.23
SMTZ1_83_clean	Thorarchaeia	Private_Updated	85.51	8.34	3.037572	3.478
Meg22_1618_Bin_136	Freyarchaeia	Private	87.38	2.34	3.000873	3.38
SRVP18_trench_6_60cm_Atabeya_1_Complete_Final	Atabeyarchaeia	Private	97.2	1.87	2.808651	2.887
WORA1	Sifarchaeia	Public	91.28	6.54	3.435374	3.735
WORB2	Hermodarchaeia	Public	92.99	0.93	2.664416	2.851
WORB4	Lokiarchaeales	Public	64.19	0.47	2.538511	3.448
WORC5	Lokiarchaeales	Public	87.38	3.27	3.796895	4.276
WORE3	Hodarchaeales	Public	81.78	4.67	4.243534	5.017
WORH6	Thorarchaeia	Public	79.13	1.87	2.287129	2.764
						
						
						
						
						
						
						
						
						
						
						
						
						
						
						
						
						
						
						
						
						
						
						
						
						
						
						
						
						
						
						
						
						
						
						
						
						
						
						
						
						
						
						
						
						
						
						
						
						
						
						
						
						
						
						
						
						
						
						
						
						
						
						
						
						
						
						
						
						
						
						
						
						
						
						
						
						
						
						
						
						
						
						
						
						
						
						
						
						
						
						
						
						
						
						
						
						
						
						
						
						
						
						
						
						
						
						
						
						
						
						
						
						
						
						
						
						
						
						
						
						
						
						
						
						
						
						
						
						
