MAG	K00459	PF03060
Asgardarchaeia_AB1215_1	0	1
Asgardarchaeia_AB3033_1	0	1
Asgardarchaeia_AB3033_2	0	1
Asgardarchaeia_B16_G1	0	1
Asgardarchaeia_BHB10_38_Bin_177	0	0
Asgardarchaeia_Co_bin69	0	0
Asgardarchaeia_D4993_C5_H1_Bin_32_clean	0	0
Asgardarchaeia_D4993_C5_H3_Bin_486	0	1
Asgardarchaeia_D4993_C5_LG_Bin_231_clean	0	1
Asgardarchaeia_D4993_C5_LG_Bin_732	0	0
Asgardarchaeia_D4998_C1112_H2_Bin_52	0	1
Asgardarchaeia_D4998_C1112_H3_Bin_265	0	1
Asgardarchaeia_GCA_021160805_1_ASM2116080v1	0	1
Asgardarchaeia_GCA_021161985_1_ASM2116198v1	0	0
Asgardarchaeia_GCA_021162905_1_ASM2116290v1	0	1
Asgardarchaeia_M8_44_Bin_295	0	0
Atabeyarchaeia_FINAL_SR_VP_26_10_2019_2_100cm_Atabeya_2_FINAL	1	1
Atabeyarchaeia_GCA_019058495_1_ASM1905849v1	1	1
Atabeyarchaeia_GCA_019058575_1_ASM1905857v1	1	1
Atabeyarchaeia_SRVP18_trench_6_60cm_Atabeya_1_Complete_Final	1	1
Baldrarchaeia_D4993_C5_H3_Bin_603_clean	0	1
Baldrarchaeia_D4994_C39_H2_Bin_222	0	1
Baldrarchaeia_D4998_C1112_H2_Bin_232	1	1
Baldrarchaeia_D4998_C1112_H2_Bin_592_clean	0	0
Baldrarchaeia_D4998_C1112_H3_Bin_205	0	1
Baldrarchaeia_D4998_C1112_H3_Bin_60	1	1
Baldrarchaeia_GBS02	0	1
Baldrarchaeia_GBS03	1	1
Baldrarchaeia_GBS04	1	1
Baldrarchaeia_GCA_016840465_1_ASM1684046v1	1	1
Baldrarchaeia_GCA_016840485_1_ASM1684048v1	0	1
Baldrarchaeia_GCA_021158895_1_ASM2115889v1	0	0
Heimdallarchaeia_ABR14	0	1
Heimdallarchaeia_ABR16	0	1
Heimdallarchaeia_AB_1215_Bin_10	0	0
Heimdallarchaeia_AB_1215_Bin_101	0	0
Heimdallarchaeia_AB_1215_Bin_128	0	1
Heimdallarchaeia_AB_1215_Bin_151	1	1
Heimdallarchaeia_AB_1215_Bin_32	0	1
Heimdallarchaeia_AB_1215_Bin_94	0	1
Heimdallarchaeia_AB_69_Bin_244	0	0
Heimdallarchaeia_BHB10_26_Bin_322	1	1
Heimdallarchaeia_BHB10_2_Bin_344	0	1
Heimdallarchaeia_BHB10_38_Bin_224	1	1
Heimdallarchaeia_BHB10_38_Bin_301	0	1
Heimdallarchaeia_Co_bin120	0	1
Heimdallarchaeia_Co_bin277	0	1
Heimdallarchaeia_Co_bin41	0	0
Heimdallarchaeia_D4991_C11_H1_Bin_188	0	1
Heimdallarchaeia_D4993_C5_H1_Bin_246	0	1
Heimdallarchaeia_D4993_C5_H1_Bin_447	0	1
Heimdallarchaeia_D4993_C5_H2_Bin_444	0	1
Heimdallarchaeia_D4993_C5_H2_Bin_570	0	0
Heimdallarchaeia_D4993_C5_H2_Bin_581	0	1
Heimdallarchaeia_D4993_C5_H2_Bin_811	0	0
Heimdallarchaeia_D4993_C5_H3_Bin_323	0	0
Heimdallarchaeia_D4993_C5_H3_Bin_385	0	1
Heimdallarchaeia_D4993_C5_H3_Bin_450	0	1
Heimdallarchaeia_D4993_C5_H3_Bin_532	0	0
Heimdallarchaeia_D4993_C5_H3_Bin_680	0	1
Heimdallarchaeia_D4993_C5_H3_Bin_765_clean	0	1
Heimdallarchaeia_D4993_C5_H4_Bin_142_clean	0	1
Heimdallarchaeia_D4993_C5_H4_Bin_224_clean	0	1
Heimdallarchaeia_D4993_C5_LG_Bin_111	0	0
Heimdallarchaeia_D4993_C5_LG_Bin_346	0	1
Heimdallarchaeia_D4993_C5_LG_Bin_37	0	1
Heimdallarchaeia_D4993_C5_LG_Bin_413_clean	0	1
Heimdallarchaeia_D4993_C5_LG_Bin_739_clean	0	1
Heimdallarchaeia_D4994_C39_H1_Bin_316	0	1
Heimdallarchaeia_D4994_C39_H1_Bin_436	0	0
Heimdallarchaeia_D4994_C39_H1_Bin_696_clean	0	1
Heimdallarchaeia_D4994_C39_H2_Bin_6_clean	0	0
Heimdallarchaeia_D4998_C1112_H1_Bin_241	0	1
Heimdallarchaeia_D4998_C1112_H1_Bin_477	0	1
Heimdallarchaeia_D4998_C1112_H1_Bin_488	0	0
Heimdallarchaeia_D4998_C1112_H2_Bin_270	0	1
Heimdallarchaeia_D4998_C1112_H2_Bin_601	0	1
Heimdallarchaeia_D4998_C1112_H2_Bin_646	0	1
Heimdallarchaeia_D4998_C2223_H2_Bin_162_clean	0	0
Heimdallarchaeia_D4998_C2223_H2_Bin_321	0	0
Heimdallarchaeia_GCA_001940645_1_ASM194064v1	0	1
Heimdallarchaeia_GCA_001940725_1_ASM194072v1	0	0
Heimdallarchaeia_GCA_001940755_1_ASM194075v1	0	1
Heimdallarchaeia_GCA_002728275_1_ASM272827v1	0	0
Heimdallarchaeia_GCA_003144275_1_ASM314427v1	0	0
Heimdallarchaeia_GCA_003662875_1_ASM366287v1	0	1
Heimdallarchaeia_GCA_003662885_1_ASM366288v1	0	1
Heimdallarchaeia_GCA_003662935_1_ASM366293v1	0	1
Heimdallarchaeia_GCA_003696825_1_ASM369682v1	0	1
Heimdallarchaeia_GCA_004376455_1_ASM437645v1	0	0
Heimdallarchaeia_GCA_004376735_1_ASM437673v1	0	1
Heimdallarchaeia_GCA_010028315_1_ASM1002831v1	0	1
Heimdallarchaeia_GCA_010028525_1_ASM1002852v1	0	1
Heimdallarchaeia_GCA_010030355_1_ASM1003035v1	0	0
Heimdallarchaeia_GCA_011364945_1_ASM1136494v1	0	0
Heimdallarchaeia_GCA_011364965_1_ASM1136496v1	0	0
Heimdallarchaeia_GCA_011366225_1_ASM1136622v1	0	1
Heimdallarchaeia_GCA_011366245_1_ASM1136624v1	0	1
Heimdallarchaeia_GCA_011366285_1_ASM1136628v1	1	1
Heimdallarchaeia_GCA_011366295_1_ASM1136629v1	0	1
Heimdallarchaeia_GCA_011525205_1_ASM1152520v1	0	0
Heimdallarchaeia_GCA_013166775_1_ASM1316677v1	0	1
Heimdallarchaeia_GCA_013166835_1_ASM1316683v1	0	1
Heimdallarchaeia_GCA_015520535_1_ASM1552053v1	0	0
Heimdallarchaeia_GCA_015522385_1_ASM1552238v1	0	1
Heimdallarchaeia_GCA_015523565_1_ASM1552356v1	0	0
Heimdallarchaeia_GCA_016649575_1_ASM1664957v1	0	0
Heimdallarchaeia_GCA_016839295_1_ASM1683929v1	0	0
Heimdallarchaeia_GCA_016839405_1_ASM1683940v1	0	1
Heimdallarchaeia_GCA_016839505_1_ASM1683950v1	1	1
Heimdallarchaeia_GCA_016839515_1_ASM1683951v1	1	1
Heimdallarchaeia_GCA_016839545_1_ASM1683954v1	0	1
Heimdallarchaeia_GCA_016839625_1_ASM1683962v1	1	1
Heimdallarchaeia_GCA_016839665_1_ASM1683966v1	1	1
Heimdallarchaeia_GCA_016839785_1_ASM1683978v1	1	1
Heimdallarchaeia_GCA_016839815_1_ASM1683981v1	1	1
Heimdallarchaeia_GCA_016839875_1_ASM1683987v1	0	1
Heimdallarchaeia_GCA_016839945_1_ASM1683994v1	0	1
Heimdallarchaeia_GCA_016839955_1_ASM1683995v1	0	0
Heimdallarchaeia_GCA_016839985_1_ASM1683998v1	0	0
Heimdallarchaeia_GCA_016840025_1_ASM1684002v1	1	1
Heimdallarchaeia_GCA_016840035_1_ASM1684003v1	0	0
Heimdallarchaeia_GCA_016840095_1_ASM1684009v1	0	1
Heimdallarchaeia_GCA_016840265_1_ASM1684026v1	0	1
Heimdallarchaeia_GCA_016840285_1_ASM1684028v1	1	1
Heimdallarchaeia_GCA_016840305_1_ASM1684030v1	0	0
Heimdallarchaeia_GCA_016840905_1_ASM1684090v1	0	1
Heimdallarchaeia_GCA_016840945_1_ASM1684094v1	0	1
Heimdallarchaeia_GCA_016927615_1_ASM1692761v1	0	1
Heimdallarchaeia_GCA_018238085_1_ASM1823808v1	0	1
Heimdallarchaeia_GCA_018238095_1_ASM1823809v1	0	1
Heimdallarchaeia_GCA_018238125_1_ASM1823812v1	0	1
Heimdallarchaeia_GCA_018238155_1_ASM1823815v1	0	0
Heimdallarchaeia_GCA_018238245_1_ASM1823824v1	0	1
Heimdallarchaeia_GCA_018238545_1_ASM1823854v1	0	1
Heimdallarchaeia_GCA_018238585_1_ASM1823858v1	0	1
Heimdallarchaeia_GCA_018238645_1_ASM1823864v1	0	1
Heimdallarchaeia_GCA_018238805_1_ASM1823880v1	0	1
Heimdallarchaeia_GCA_018238885_1_ASM1823888v1	0	1
Heimdallarchaeia_GCA_018623815_1_ASM1862381v1	0	0
Heimdallarchaeia_GCA_019057815_1_ASM1905781v1	0	1
Heimdallarchaeia_GCA_019058165_1_ASM1905816v1	0	1
Heimdallarchaeia_GCA_019058195_1_ASM1905819v1	0	1
Heimdallarchaeia_GCA_019058275_1_ASM1905827v1	0	1
Heimdallarchaeia_GCA_019894765_1_ASM1989476v1	0	0
Heimdallarchaeia_GCA_019894795_1_ASM1989479v1	0	1
Heimdallarchaeia_GCA_020348965_1_ASM2034896v1	1	1
Heimdallarchaeia_GCA_020351745_1_ASM2035174v1	1	1
Heimdallarchaeia_GCA_020353515_1_ASM2035351v1	1	1
Heimdallarchaeia_GCA_021498085_1_ASM2149808v1	0	1
Heimdallarchaeia_GCA_021513695_1_ASM2151369v1	0	1
Heimdallarchaeia_GCA_021513715_1_ASM2151371v1	0	0
Heimdallarchaeia_GCA_022574115_1_ASM2257411v1	0	0
Heimdallarchaeia_GCA_023128215_1_ASM2312821v1	0	1
Heimdallarchaeia_GCA_023128635_1_ASM2312863v1	0	0
Heimdallarchaeia_GCA_023132955_1_ASM2313295v1	0	1
Heimdallarchaeia_GCA_023134625_1_ASM2313462v1	0	0
Heimdallarchaeia_GCA_023134855_1_ASM2313485v1	0	1
Heimdallarchaeia_GCA_023135215_1_ASM2313521v1	0	1
Heimdallarchaeia_GCA_023135665_1_ASM2313566v1	0	1
Heimdallarchaeia_GCA_023136245_1_ASM2313624v1	0	1
Heimdallarchaeia_GCA_023136515_1_ASM2313651v1	0	1
Heimdallarchaeia_GCA_023137035_1_ASM2313703v1	0	1
Heimdallarchaeia_GCA_023137225_1_ASM2313722v1	0	1
Heimdallarchaeia_GCA_023139025_1_ASM2313902v1	0	1
Heimdallarchaeia_GCA_023139085_1_ASM2313908v1	0	0
Heimdallarchaeia_GCA_023139145_1_ASM2313914v1	0	0
Heimdallarchaeia_GCA_023139415_1_ASM2313941v1	0	1
Heimdallarchaeia_GCA_023140315_1_ASM2314031v1	0	0
Heimdallarchaeia_GCA_023140335_1_ASM2314033v1	0	1
Heimdallarchaeia_GCA_023142255_1_ASM2314225v1	0	0
Heimdallarchaeia_GCA_023270155_1_ASM2327015v1	0	1
Heimdallarchaeia_GCA_024276395_1_ASM2427639v1	0	1
Heimdallarchaeia_GCA_024276795_1_ASM2427679v1	0	1
Heimdallarchaeia_GCA_024278115_1_ASM2427811v1	0	1
Heimdallarchaeia_GCA_024280435_1_ASM2428043v1	0	1
Heimdallarchaeia_M3_30_Bin_130	1	1
Heimdallarchaeia_M3_30_Bin_143	0	0
Heimdallarchaeia_M3_30_Bin_165	0	0
Heimdallarchaeia_M3_30_Bin_210	1	1
Heimdallarchaeia_M3_30_Bin_276	0	0
Heimdallarchaeia_M3_30_Bin_336	0	1
Heimdallarchaeia_M3_30_Bin_353	1	1
Heimdallarchaeia_M3_30_Bin_364	1	1
Heimdallarchaeia_M3_30_Bin_42	1	1
Heimdallarchaeia_M3_38_Bin_135_clean	0	1
Heimdallarchaeia_M3_38_Bin_173_clean	0	0
Heimdallarchaeia_M3_38_Bin_18	1	1
Heimdallarchaeia_M3_38_Bin_22	1	1
Heimdallarchaeia_M3_38_Bin_235	0	1
Heimdallarchaeia_M3_38_Bin_300	0	0
Heimdallarchaeia_M3_38_Bin_305	0	0
Heimdallarchaeia_M3_38_Bin_361	1	1
Heimdallarchaeia_M3_38_Bin_366_clean	1	1
Heimdallarchaeia_M3_38_Bin_386_clean	1	1
Heimdallarchaeia_M3_38_Bin_438	1	1
Heimdallarchaeia_M3_38_Bin_452	1	1
Heimdallarchaeia_M3_38_Bin_455_clean	1	1
Heimdallarchaeia_M3_38_Bin_77	1	1
Heimdallarchaeia_M3_44_Bin_131	0	1
Heimdallarchaeia_M3_44_Bin_347	1	1
Heimdallarchaeia_M3_44_Bin_376	0	0
Heimdallarchaeia_M3_44_Bin_378	0	0
Heimdallarchaeia_M8_44_Bin_190	0	0
Heimdallarchaeia_M8_44_Bin_231	1	1
Heimdallarchaeia_M8_58_Bin_151_clean	1	1
Heimdallarchaeia_M8_58_Bin_169	0	0
Heimdallarchaeia_M8_58_Bin_182_clean	0	0
Heimdallarchaeia_M8_58_Bin_191_clean	0	0
Heimdallarchaeia_M8_58_Bin_297_clean	0	1
Heimdallarchaeia_M8_58_Bin_407	1	1
Heimdallarchaeia_M8_58_Bin_408	1	1
Heimdallarchaeia_M8_58_Bin_497	1	1
Heimdallarchaeia_M8_58_Bin_52	0	0
Heimdallarchaeia_M8_62_Bin_119_clean	1	1
Heimdallarchaeia_M8_62_Bin_12	1	1
Heimdallarchaeia_M8_62_Bin_212	0	0
Heimdallarchaeia_M8_62_Bin_225	0	1
Heimdallarchaeia_M8_62_Bin_241	0	0
Heimdallarchaeia_M8_62_Bin_275	1	1
Heimdallarchaeia_M8_62_Bin_362	1	1
Heimdallarchaeia_M8_62_Bin_83	1	1
Heimdallarchaeia_Meg19_1012_Bin_206	0	0
Heimdallarchaeia_Meg19_1012_Bin_225	0	0
Heimdallarchaeia_Meg19_1012_Bin_246	0	1
Heimdallarchaeia_Meg19_1012_Bin_417	0	1
Heimdallarchaeia_Meg19_1012_Bin_444	1	1
Heimdallarchaeia_Meg19_1012_Bin_489	0	1
Heimdallarchaeia_Meg22_02_Bin_168	0	1
Heimdallarchaeia_Meg22_02_Bin_50	0	0
Heimdallarchaeia_Meg22_1012_Bin_118	0	1
Heimdallarchaeia_Meg22_1012_Bin_230	0	1
Heimdallarchaeia_Meg22_1012_Bin_332	0	1
Heimdallarchaeia_Meg22_1012_Bin_344	0	1
Heimdallarchaeia_Meg22_1012_Bin_78	0	1
Heimdallarchaeia_Meg22_1012_Bin_83	0	1
Heimdallarchaeia_Meg22_1214_Bin_158	0	1
Heimdallarchaeia_Meg22_1214_Bin_179	0	1
Heimdallarchaeia_Meg22_1214_Bin_186	0	1
Heimdallarchaeia_Meg22_1214_Bin_23	0	1
Heimdallarchaeia_Meg22_1214_Bin_318	0	1
Heimdallarchaeia_Meg22_1214_Bin_408	0	1
Heimdallarchaeia_Meg22_1214_Bin_97	0	0
Heimdallarchaeia_Meg22_1416_Bin_16	0	1
Heimdallarchaeia_Meg22_1416_Bin_36	0	1
Heimdallarchaeia_Meg22_1416_Bin_92_2_1	0	0
Heimdallarchaeia_Meg22_1618_Bin_30	0	1
Heimdallarchaeia_Meg22_1618_Bin_62	0	1
Heimdallarchaeia_Meg22_1618_Bin_74	0	0
Heimdallarchaeia_Meg22_24_Bin_100	0	1
Heimdallarchaeia_Meg22_24_Bin_104	0	0
Heimdallarchaeia_Meg22_24_Bin_167	0	0
Heimdallarchaeia_Meg22_24_Bin_77	0	1
Heimdallarchaeia_Meg22_46_Bin_151	0	1
Heimdallarchaeia_Meg22_46_Bin_152	0	0
Heimdallarchaeia_Meg22_46_Bin_158	0	1
Heimdallarchaeia_Meg22_46_Bin_212	0	1
Heimdallarchaeia_Meg22_46_Bin_234	0	1
Heimdallarchaeia_Meg22_46_Bin_83	0	0
Heimdallarchaeia_Meg22_46_Bin_92	0	1
Heimdallarchaeia_Meg22_810_Bin_115	0	0
Heimdallarchaeia_Meg22_810_Bin_213	1	1
Heimdallarchaeia_Meg22_810_Bin_25	0	1
Heimdallarchaeia_Meg22_810_Bin_9	0	1
Heimdallarchaeia_S2_bin51	0	1
Heimdallarchaeia_SHR11	0	1
Heimdallarchaeia_WORE3	1	1
Heimdallarchaeia_ex4484_83	0	1
Hermodarchaeia_BHB10_26_Bin_38	0	1
Hermodarchaeia_BHB10_38_Bin_151	0	0
Hermodarchaeia_BHB10_38_Bin_92_clean	1	1
Hermodarchaeia_D4993_C5_H2_Bin_583	0	0
Hermodarchaeia_GCA_016550385_1_ASM1655038v1	1	1
Hermodarchaeia_GCA_016550395_1_ASM1655039v1	1	1
Hermodarchaeia_GCA_016550405_1_ASM1655040v1	1	1
Hermodarchaeia_GCA_016550415_1_ASM1655041v1	1	1
Hermodarchaeia_GCA_016550425_1_ASM1655042v1	1	1
Hermodarchaeia_GCA_016550485_1_ASM1655048v1	1	1
Hermodarchaeia_GCA_016550495_1_ASM1655049v1	1	1
Hermodarchaeia_GCA_016550505_1_ASM1655050v1	0	1
Hermodarchaeia_GCA_016839365_1_ASM1683936v1	1	1
Hermodarchaeia_GCA_016839805_1_ASM1683980v1	1	1
Hermodarchaeia_GCA_016839995_1_ASM1683999v1	1	1
Hermodarchaeia_GCA_016840065_1_ASM1684006v1	1	1
Hermodarchaeia_GCA_016840135_1_ASM1684013v1	1	1
Hermodarchaeia_GCA_016840185_1_ASM1684018v1	1	1
Hermodarchaeia_GCA_016840405_1_ASM1684040v1	1	1
Hermodarchaeia_GCA_016840585_1_ASM1684058v1	1	1
Hermodarchaeia_GCA_016840595_1_ASM1684059v1	1	1
Hermodarchaeia_GCA_016840765_1_ASM1684076v1	1	1
Hermodarchaeia_WORB2	1	1
Jordiarchaeia_B36_G16	1	1
Jordiarchaeia_B4_G2	1	1
Jordiarchaeia_B7_G1	1	1
Jordiarchaeia_D4994_C39_H2_Bin_3_clean	1	1
Jordiarchaeia_D4998_C1112_H1_Bin_361	1	1
Jordiarchaeia_D4998_C1112_H2_Bin_75	0	1
Jordiarchaeia_D4998_C1112_H3_Bin_32_clean	1	1
Jordiarchaeia_D4998_C1112_H3_Bin_55_clean	1	1
Jordiarchaeia_D4998_C2223_H2_Bin_199	1	1
Jordiarchaeia_JZ_bin_50	1	1
Jordiarchaeia_Meg22_1012_Bin_95	1	1
Jordiarchaeia_Meg22_1214_Bin_132	1	1
Jordiarchaeia_Meg22_1416_Bin_21_NC	1	1
Jordiarchaeia_Meg22_1618_Bin_136	1	1
Jordiarchaeia_QC4_bin_49	1	1
Jordiarchaeia_QZM_A2_3_bin_3	1	1
Jordiarchaeia_QZM_A2_bin_5	1	1
Jordiarchaeia_QZM_A3_bin_5	1	1
Jordiarchaeia_RPD1	0	0
Jordiarchaeia_RPF2	1	1
Jordiarchaeia_SRVP_Freyarchaeota_final_genome	1	1
Lokiarchaeia_ABR01	1	1
Lokiarchaeia_ABR02	1	1
Lokiarchaeia_ABR03	1	1
Lokiarchaeia_ABR04	1	1
Lokiarchaeia_ABR05	1	1
Lokiarchaeia_ABR06	1	1
Lokiarchaeia_ABR08	1	1
Lokiarchaeia_ABR11	1	1
Lokiarchaeia_ABR13	1	1
Lokiarchaeia_ABR15	1	1
Lokiarchaeia_AB_1215_Bin_22	1	1
Lokiarchaeia_AB_69_Bin_121	0	0
Lokiarchaeia_AB_69_Bin_161	1	1
Lokiarchaeia_AB_69_Bin_233	1	1
Lokiarchaeia_AB_69_Bin_241	0	0
Lokiarchaeia_AB_69_Bin_72	1	1
Lokiarchaeia_AB_69_Bin_81	1	1
Lokiarchaeia_BHB10_26_Bin_277_clean	1	1
Lokiarchaeia_BHB10_38_Bin_122	1	1
Lokiarchaeia_BHB10_38_Bin_270	1	1
Lokiarchaeia_BHB10_38_Bin_38	1	1
Lokiarchaeia_Co_bin147	1	1
Lokiarchaeia_Co_bin153	1	1
Lokiarchaeia_Co_bin169	1	1
Lokiarchaeia_Co_bin177	1	1
Lokiarchaeia_Co_bin235	1	1
Lokiarchaeia_Co_bin241	1	1
Lokiarchaeia_Co_bin249	1	1
Lokiarchaeia_Co_bin263	0	0
Lokiarchaeia_Co_bin44	1	1
Lokiarchaeia_Co_bin7	0	0
Lokiarchaeia_D4991_C11_H1_Bin_169	0	1
Lokiarchaeia_D4991_C11_H1_Bin_86	0	1
Lokiarchaeia_D4993_C5_H1_Bin_263	1	1
Lokiarchaeia_D4993_C5_H1_Bin_406_clean	0	1
Lokiarchaeia_D4993_C5_H1_Bin_456	1	1
Lokiarchaeia_D4993_C5_H1_Bin_526	0	0
Lokiarchaeia_D4993_C5_H2_Bin_260	1	1
Lokiarchaeia_D4993_C5_H2_Bin_290_clean	1	1
Lokiarchaeia_D4993_C5_H2_Bin_325	1	1
Lokiarchaeia_D4993_C5_H2_Bin_370	0	1
Lokiarchaeia_D4993_C5_H2_Bin_565	1	1
Lokiarchaeia_D4993_C5_H2_Bin_648	0	0
Lokiarchaeia_D4993_C5_H2_Bin_733	0	1
Lokiarchaeia_D4993_C5_H3_Bin_400	1	1
Lokiarchaeia_D4993_C5_H3_Bin_468	0	1
Lokiarchaeia_D4993_C5_H3_Bin_497	0	0
Lokiarchaeia_D4993_C5_H3_Bin_515_clean	1	1
Lokiarchaeia_D4993_C5_H3_Bin_613	1	1
Lokiarchaeia_D4993_C5_H3_Bin_769	1	1
Lokiarchaeia_D4993_C5_H4_Bin_11	1	1
Lokiarchaeia_D4993_C5_H4_Bin_46	1	1
Lokiarchaeia_D4993_C5_H4_Bin_5	1	1
Lokiarchaeia_D4993_C5_LG_Bin_247	1	1
Lokiarchaeia_D4993_C5_LG_Bin_279	1	1
Lokiarchaeia_D4993_C5_LG_Bin_298	1	1
Lokiarchaeia_D4993_C5_LG_Bin_330	1	1
Lokiarchaeia_D4993_C5_LG_Bin_447	1	1
Lokiarchaeia_D4993_C5_LG_Bin_498	0	0
Lokiarchaeia_D4993_C5_LG_Bin_529	1	1
Lokiarchaeia_D4993_C5_LG_Bin_604	1	1
Lokiarchaeia_D4993_C5_LG_Bin_609	1	1
Lokiarchaeia_D4993_C5_LG_Bin_705_clean	1	1
Lokiarchaeia_D4994_C39_H1_Bin_122	0	0
Lokiarchaeia_D4994_C39_H1_Bin_188	0	0
Lokiarchaeia_D4994_C39_H1_Bin_261	0	1
Lokiarchaeia_D4994_C39_H1_Bin_319	1	1
Lokiarchaeia_D4994_C39_H1_Bin_33	1	1
Lokiarchaeia_D4994_C39_H1_Bin_335	1	1
Lokiarchaeia_D4994_C39_H1_Bin_37	1	1
Lokiarchaeia_D4994_C39_H1_Bin_371	1	1
Lokiarchaeia_D4994_C39_H1_Bin_674	1	1
Lokiarchaeia_D4994_C39_H1_Bin_733	1	1
Lokiarchaeia_D4994_C39_H1_Bin_797	1	1
Lokiarchaeia_D4994_C39_H2_Bin_21	1	1
Lokiarchaeia_D4998_C1112_H1_Bin_177	1	1
Lokiarchaeia_D4998_C1112_H1_Bin_245	1	1
Lokiarchaeia_D4998_C1112_H1_Bin_443	1	1
Lokiarchaeia_D4998_C1112_H2_Bin_131_clean	0	0
Lokiarchaeia_D4998_C1112_H2_Bin_190_clean	1	1
Lokiarchaeia_D4998_C1112_H2_Bin_413	1	1
Lokiarchaeia_D4998_C1112_H2_Bin_445	1	1
Lokiarchaeia_D4998_C1112_H2_Bin_450	1	1
Lokiarchaeia_D4998_C2223_H1_Bin_197_clean	0	0
Lokiarchaeia_D4998_C2223_H1_Bin_209	0	1
Lokiarchaeia_D4998_C2223_H2_Bin_129_clean	0	0
Lokiarchaeia_D4998_C2223_H2_Bin_384	0	1
Lokiarchaeia_E29_bin63	1	1
Lokiarchaeia_E44_bin85	1	1
Lokiarchaeia_GCA_001940655_1_ASM194065v1	0	1
Lokiarchaeia_GCA_003662865_1_ASM366286v1	0	1
Lokiarchaeia_GCA_004524365_1_ASM452436v1	1	1
Lokiarchaeia_GCA_004524385_1_ASM452438v1	1	1
Lokiarchaeia_GCA_004524425_1_ASM452442v1	1	1
Lokiarchaeia_GCA_004524515_1_ASM452451v1	1	1
Lokiarchaeia_GCA_004524535_1_ASM452453v1	1	1
Lokiarchaeia_GCA_004524545_1_ASM452454v1	0	1
Lokiarchaeia_GCA_004524725_1_ASM452472v1	1	1
Lokiarchaeia_GCA_005191415_1_ASM519141v1	1	1
Lokiarchaeia_GCA_005191425_1_ASM519142v1	1	1
Lokiarchaeia_GCA_005222975_1_ASM522297v1	1	1
Lokiarchaeia_GCA_005223125_1_ASM522312v1	1	1
Lokiarchaeia_GCA_007133855_1_ASM713385v1	1	1
Lokiarchaeia_GCA_008000775_1_ASM800077v1	0	0
Lokiarchaeia_GCA_008080735_1_ASM808073v1	1	1
Lokiarchaeia_GCA_008080755_1_ASM808075v1	1	1
Lokiarchaeia_GCA_008080765_1_ASM808076v1	1	1
Lokiarchaeia_GCA_011364925_1_ASM1136492v1	1	1
Lokiarchaeia_GCA_011364975_1_ASM1136497v1	1	1
Lokiarchaeia_GCA_011365055_1_ASM1136505v1	1	1
Lokiarchaeia_GCA_012798355_1_ASM1279835v1	1	1
Lokiarchaeia_GCA_013375355_1_ASM1337535v1	1	1
Lokiarchaeia_GCA_013375405_1_ASM1337540v1	1	1
Lokiarchaeia_GCA_013375455_1_ASM1337545v1	1	1
Lokiarchaeia_GCA_013375475_1_ASM1337547v1	1	1
Lokiarchaeia_GCA_013375485_1_ASM1337548v1	1	1
Lokiarchaeia_GCA_013375495_1_ASM1337549v1	1	1
Lokiarchaeia_GCA_014728645_1_ASM1472864v1	1	1
Lokiarchaeia_GCA_014729055_1_ASM1472905v1	1	1
Lokiarchaeia_GCA_014729315_1_ASM1472931v1	1	1
Lokiarchaeia_GCA_014729935_1_ASM1472993v1	1	1
Lokiarchaeia_GCA_014730125_1_ASM1473012v1	1	1
Lokiarchaeia_GCA_014730165_1_ASM1473016v1	1	1
Lokiarchaeia_GCA_014730295_1_ASM1473029v1	1	1
Lokiarchaeia_GCA_016839315_1_ASM1683931v1	1	1
Lokiarchaeia_GCA_016839385_1_ASM1683938v1	0	1
Lokiarchaeia_GCA_016839425_1_ASM1683942v1	1	1
Lokiarchaeia_GCA_016839555_1_ASM1683955v1	1	1
Lokiarchaeia_GCA_016839585_1_ASM1683958v1	1	1
Lokiarchaeia_GCA_016839635_1_ASM1683963v1	1	1
Lokiarchaeia_GCA_016839655_1_ASM1683965v1	1	1
Lokiarchaeia_GCA_016839705_1_ASM1683970v1	1	1
Lokiarchaeia_GCA_016839745_1_ASM1683974v1	1	1
Lokiarchaeia_GCA_016839765_1_ASM1683976v1	1	1
Lokiarchaeia_GCA_016839845_1_ASM1683984v1	1	1
Lokiarchaeia_GCA_016839865_1_ASM1683986v1	0	1
Lokiarchaeia_GCA_016839905_1_ASM1683990v1	1	1
Lokiarchaeia_GCA_016839915_1_ASM1683991v1	1	1
Lokiarchaeia_GCA_016840085_1_ASM1684008v1	1	1
Lokiarchaeia_GCA_016840125_1_ASM1684012v1	1	1
Lokiarchaeia_GCA_016840165_1_ASM1684016v1	1	1
Lokiarchaeia_GCA_016840345_1_ASM1684034v1	1	1
Lokiarchaeia_GCA_016840545_1_ASM1684054v1	1	1
Lokiarchaeia_GCA_016840655_1_ASM1684065v1	1	1
Lokiarchaeia_GCA_016840695_1_ASM1684069v1	1	1
Lokiarchaeia_GCA_016840745_1_ASM1684074v1	1	1
Lokiarchaeia_GCA_016840985_1_ASM1684098v1	1	1
Lokiarchaeia_GCA_016926735_1_ASM1692673v1	1	1
Lokiarchaeia_GCA_016930515_1_ASM1693051v1	1	1
Lokiarchaeia_GCA_016932935_1_ASM1693293v1	1	1
Lokiarchaeia_GCA_016933055_1_ASM1693305v1	0	0
Lokiarchaeia_GCA_018238145_1_ASM1823814v1	1	1
Lokiarchaeia_GCA_018238305_1_ASM1823830v1	1	1
Lokiarchaeia_GCA_018238315_1_ASM1823831v1	0	0
Lokiarchaeia_GCA_018238345_1_ASM1823834v1	1	1
Lokiarchaeia_GCA_018238405_1_ASM1823840v1	0	0
Lokiarchaeia_GCA_018238425_1_ASM1823842v1	1	1
Lokiarchaeia_GCA_018238455_1_ASM1823845v1	0	0
Lokiarchaeia_GCA_018238505_1_ASM1823850v1	0	0
Lokiarchaeia_GCA_018238565_1_ASM1823856v1	1	1
Lokiarchaeia_GCA_018238625_1_ASM1823862v1	1	1
Lokiarchaeia_GCA_018238705_1_ASM1823870v1	1	1
Lokiarchaeia_GCA_018238725_1_ASM1823872v1	1	1
Lokiarchaeia_GCA_018238745_1_ASM1823874v1	1	1
Lokiarchaeia_GCA_018238845_1_ASM1823884v1	1	1
Lokiarchaeia_GCA_018238895_1_ASM1823889v1	1	1
Lokiarchaeia_GCA_018238965_1_ASM1823896v1	0	0
Lokiarchaeia_GCA_018238985_1_ASM1823898v1	1	1
Lokiarchaeia_GCA_019057735_1_ASM1905773v1	1	1
Lokiarchaeia_GCA_019057745_1_ASM1905774v1	1	1
Lokiarchaeia_GCA_019057775_1_ASM1905777v1	1	1
Lokiarchaeia_GCA_019057795_1_ASM1905779v1	1	1
Lokiarchaeia_GCA_019057835_1_ASM1905783v1	1	1
Lokiarchaeia_GCA_019057855_1_ASM1905785v1	1	1
Lokiarchaeia_GCA_019057865_1_ASM1905786v1	1	1
Lokiarchaeia_GCA_019057895_1_ASM1905789v1	1	1
Lokiarchaeia_GCA_019057915_1_ASM1905791v1	1	1
Lokiarchaeia_GCA_019057935_1_ASM1905793v1	0	0
Lokiarchaeia_GCA_019057955_1_ASM1905795v1	1	1
Lokiarchaeia_GCA_019057975_1_ASM1905797v1	1	1
Lokiarchaeia_GCA_019057995_1_ASM1905799v1	1	1
Lokiarchaeia_GCA_019058015_1_ASM1905801v1	0	1
Lokiarchaeia_GCA_019058035_1_ASM1905803v1	1	1
Lokiarchaeia_GCA_019058055_1_ASM1905805v1	1	1
Lokiarchaeia_GCA_019058075_1_ASM1905807v1	1	1
Lokiarchaeia_GCA_019058095_1_ASM1905809v1	1	1
Lokiarchaeia_GCA_019058135_1_ASM1905813v1	1	1
Lokiarchaeia_GCA_019058155_1_ASM1905815v1	1	1
Lokiarchaeia_GCA_019058215_1_ASM1905821v1	1	1
Lokiarchaeia_GCA_019058245_1_ASM1905824v1	1	1
Lokiarchaeia_GCA_019058295_1_ASM1905829v1	1	1
Lokiarchaeia_GCA_019058315_1_ASM1905831v1	1	1
Lokiarchaeia_GCA_019058355_1_ASM1905835v1	1	1
Lokiarchaeia_GCA_019058365_1_ASM1905836v1	1	1
Lokiarchaeia_GCA_019058395_1_ASM1905839v1	1	1
Lokiarchaeia_GCA_019058415_1_ASM1905841v1	1	1
Lokiarchaeia_GCA_019058425_1_ASM1905842v1	1	1
Lokiarchaeia_GCA_019058445_1_ASM1905844v1	1	1
Lokiarchaeia_GCA_019058515_1_ASM1905851v1	1	1
Lokiarchaeia_GCA_019894655_1_ASM1989465v1	1	1
Lokiarchaeia_GCA_019894685_1_ASM1989468v1	0	0
Lokiarchaeia_GCA_019894715_1_ASM1989471v1	1	1
Lokiarchaeia_GCA_019894735_1_ASM1989473v1	1	1
Lokiarchaeia_GCA_019894755_1_ASM1989475v1	1	1
Lokiarchaeia_GCA_019894815_1_ASM1989481v1	0	0
Lokiarchaeia_GCA_019894835_1_ASM1989483v1	1	1
Lokiarchaeia_GCA_019894855_1_ASM1989485v1	1	1
Lokiarchaeia_GCA_019894875_1_ASM1989487v1	1	1
Lokiarchaeia_GCA_019894885_1_ASM1989488v1	1	1
Lokiarchaeia_GCA_019894955_1_ASM1989495v1	1	1
Lokiarchaeia_GCA_019894975_1_ASM1989497v1	1	1
Lokiarchaeia_GCA_020343655_1_ASM2034365v1	1	1
Lokiarchaeia_GCA_020344955_1_ASM2034495v1	1	1
Lokiarchaeia_GCA_021498095_1_ASM2149809v1	0	0
Lokiarchaeia_GCA_022866525_1_ASM2286652v1	1	1
Lokiarchaeia_GCA_023127985_1_ASM2312798v1	1	1
Lokiarchaeia_GCA_023128465_1_ASM2312846v1	1	1
Lokiarchaeia_GCA_023128565_1_ASM2312856v1	0	0
Lokiarchaeia_GCA_023129395_1_ASM2312939v1	1	1
Lokiarchaeia_GCA_023129495_1_ASM2312949v1	1	1
Lokiarchaeia_GCA_023133715_1_ASM2313371v1	1	1
Lokiarchaeia_M3_30_Bin_48	1	1
Lokiarchaeia_M3_38_Bin_28_clean	1	1
Lokiarchaeia_M3_38_Bin_337	1	1
Lokiarchaeia_M3_38_Bin_380_clean	1	1
Lokiarchaeia_M3_38_Bin_406	1	1
Lokiarchaeia_M3_44_Bin_299	1	1
Lokiarchaeia_M8_32_Bin_172	1	1
Lokiarchaeia_M8_44_Bin_15	1	1
Lokiarchaeia_M8_44_Bin_255	1	1
Lokiarchaeia_M8_44_Bin_330	1	1
Lokiarchaeia_M8_58_Bin_246	1	1
Lokiarchaeia_M8_58_Bin_307	1	1
Lokiarchaeia_M8_58_Bin_354	1	1
Lokiarchaeia_M8_62_Bin_108_clean	1	1
Lokiarchaeia_M8_62_Bin_112	1	1
Lokiarchaeia_M8_62_Bin_113	1	1
Lokiarchaeia_M8_62_Bin_21_clean	1	1
Lokiarchaeia_M8_62_Bin_377	1	1
Lokiarchaeia_M8_62_Bin_8	1	1
Lokiarchaeia_Meg19_1012_Bin_144	1	1
Lokiarchaeia_Meg19_1012_Bin_162	1	1
Lokiarchaeia_Meg19_1012_Bin_19	0	1
Lokiarchaeia_Meg19_1012_Bin_228	1	1
Lokiarchaeia_Meg19_1012_Bin_476	0	0
Lokiarchaeia_Meg19_1012_Bin_49	1	1
Lokiarchaeia_Meg19_1012_Bin_504	1	1
Lokiarchaeia_Meg22_02_Bin_102	1	1
Lokiarchaeia_Meg22_02_Bin_148	1	1
Lokiarchaeia_Meg22_02_Bin_38	0	0
Lokiarchaeia_Meg22_1012_Bin_131	0	1
Lokiarchaeia_Meg22_1012_Bin_145	1	1
Lokiarchaeia_Meg22_1012_Bin_159	1	1
Lokiarchaeia_Meg22_1012_Bin_214	1	1
Lokiarchaeia_Meg22_1012_Bin_233	1	1
Lokiarchaeia_Meg22_1012_Bin_249	1	1
Lokiarchaeia_Meg22_1012_Bin_275	1	1
Lokiarchaeia_Meg22_1012_Bin_281	1	1
Lokiarchaeia_Meg22_1012_Bin_285	1	1
Lokiarchaeia_Meg22_1012_Bin_314	1	1
Lokiarchaeia_Meg22_1012_Bin_354	1	1
Lokiarchaeia_Meg22_1214_Bin_165	1	1
Lokiarchaeia_Meg22_1214_Bin_169	1	1
Lokiarchaeia_Meg22_1214_Bin_185	1	1
Lokiarchaeia_Meg22_1214_Bin_189	1	1
Lokiarchaeia_Meg22_1214_Bin_191	1	1
Lokiarchaeia_Meg22_1214_Bin_20	1	1
Lokiarchaeia_Meg22_1214_Bin_213	1	1
Lokiarchaeia_Meg22_1214_Bin_22	1	1
Lokiarchaeia_Meg22_1214_Bin_223	1	1
Lokiarchaeia_Meg22_1214_Bin_226	1	1
Lokiarchaeia_Meg22_1214_Bin_228	1	1
Lokiarchaeia_Meg22_1214_Bin_256	1	1
Lokiarchaeia_Meg22_1214_Bin_40	1	1
Lokiarchaeia_Meg22_1214_Bin_5	1	1
Lokiarchaeia_Meg22_1416_Bin_13	1	1
Lokiarchaeia_Meg22_1416_Bin_130	1	1
Lokiarchaeia_Meg22_1416_Bin_151	1	1
Lokiarchaeia_Meg22_1416_Bin_161	1	1
Lokiarchaeia_Meg22_1416_Bin_173	1	1
Lokiarchaeia_Meg22_1416_Bin_67	1	1
Lokiarchaeia_Meg22_1416_Bin_72	1	1
Lokiarchaeia_Meg22_1618_Bin_103	1	1
Lokiarchaeia_Meg22_1618_Bin_161	1	1
Lokiarchaeia_Meg22_1618_Bin_17	1	1
Lokiarchaeia_Meg22_24_Bin_122	1	1
Lokiarchaeia_Meg22_24_Bin_138	1	1
Lokiarchaeia_Meg22_24_Bin_17	1	1
Lokiarchaeia_Meg22_46_Bin_198	1	1
Lokiarchaeia_Meg22_46_Bin_243	0	1
Lokiarchaeia_Meg22_810_Bin_168	1	1
Lokiarchaeia_Meg22_810_Bin_230	1	1
Lokiarchaeia_Meg22_810_Bin_250	1	1
Lokiarchaeia_Meg22_810_Bin_92	1	1
Lokiarchaeia_S2_bin16	0	0
Lokiarchaeia_S4_bin14	1	1
Lokiarchaeia_S5_bin29	1	1
Lokiarchaeia_S8_bin41	0	0
Lokiarchaeia_WORB4	0	1
Lokiarchaeia_WORC5	1	1
Njordarchaeia_A173	0	1
Njordarchaeia_B11_G17	0	0
Njordarchaeia_B13_G17	0	1
Njordarchaeia_B20_G9	0	1
Njordarchaeia_B32_G17	0	0
Njordarchaeia_B34_G2	0	1
Njordarchaeia_B37_G2	0	0
Njordarchaeia_B44_G1	0	0
Njordarchaeia_B62_G16	0	1
Njordarchaeia_B6_G17	0	0
Njordarchaeia_B77_G9	0	0
Njordarchaeia_B7_G17	0	0
Njordarchaeia_B90_G9	0	1
Njordarchaeia_D4994_C39_H1_Bin_803	0	0
Njordarchaeia_D4998_C1112_H2_Bin_434	0	0
Njordarchaeia_D4998_C1112_H2_Bin_516	0	0
Njordarchaeia_D4998_C1112_H3_Bin_254	0	0
Njordarchaeia_D4998_C1112_H3_Bin_96	0	0
Njordarchaeia_GBS27	0	0
Njordarchaeia_GCA_015521395_1_ASM1552139v1	0	1
Njordarchaeia_GCA_021163045_1_ASM2116304v1	0	1
Njordarchaeia_GCA_024720815_1_ASM2472081v1	0	1
Njordarchaeia_GCA_024720835_1_ASM2472083v1	0	1
Njordarchaeia_GCA_024720855_1_ASM2472085v1	0	1
Njordarchaeia_GCA_024720875_1_ASM2472087v1	0	1
Njordarchaeia_GCA_024720895_1_ASM2472089v1	0	1
Njordarchaeia_GCA_024720915_1_ASM2472091v1	0	1
Njordarchaeia_GCA_024720935_1_ASM2472093v1	0	1
Njordarchaeia_GCA_024720955_1_ASM2472095v1	0	1
Njordarchaeia_GCA_024720975_1_ASM2472097v1	0	1
Njordarchaeia_GCA_024720985_1_ASM2472098v1	0	1
Njordarchaeia_M288	0	0
Odinarchaeia_D4993_C5_H4_Bin_33	0	1
Odinarchaeia_D4993_C5_LG_Bin_429	0	0
Odinarchaeia_GCA_001940665_1_ASM194066v1	0	0
Odinarchaeia_GCA_016839265_1_ASM1683926v1	0	1
Odinarchaeia_Meg22_1012_Bin_162	0	1
Odinarchaeia_Meg22_1214_Bin_101	0	1
Odinarchaeia_Meg22_1416_Bin_171	0	1
Odinarchaeia_Meg22_1618_Bin_122	0	1
Odinarchaeia_RPA3	0	1
Sifarchaeia_GCA_016292335_1_ASM1629233v1	0	1
Sifarchaeia_GCA_016294945_1_ASM1629494v1	0	0
Sifarchaeia_GCA_016294985_1_ASM1629498v1	0	0
Sifarchaeia_GCA_016840315_1_ASM1684031v1	0	0
Sifarchaeia_GCA_016840515_1_ASM1684051v1	0	1
Sifarchaeia_GCA_016840645_1_ASM1684064v1	0	1
Sifarchaeia_GCA_019057385_1_ASM1905738v1	0	1
Sifarchaeia_GCA_019058475_1_ASM1905847v1	0	1
Sifarchaeia_GCA_019058535_1_ASM1905853v1	0	1
Sifarchaeia_GCA_023143835_1_ASM2314383v1	0	0
Sifarchaeia_M8_58_Bin_389	0	0
Sifarchaeia_WORA1	0	1
Thorarchaeia_A361	1	1
Thorarchaeia_A381	1	1
Thorarchaeia_A399	0	0
Thorarchaeia_ABR09	0	0
Thorarchaeia_ABR10	0	1
Thorarchaeia_BHB10_26_Bin_164_clean	1	1
Thorarchaeia_BHB10_26_Bin_165_clean	1	1
Thorarchaeia_BHB10_26_Bin_319	1	1
Thorarchaeia_BHB10_26_Bin_338	1	1
Thorarchaeia_BHB10_26_Bin_359	1	1
Thorarchaeia_BHB10_38_Bin_149	1	1
Thorarchaeia_BHB10_38_Bin_279	1	1
Thorarchaeia_BHB10_38_Bin_74	1	1
Thorarchaeia_Co_bin157	0	0
Thorarchaeia_D4991_C11_H1_Bin_181	0	0
Thorarchaeia_D4993_C5_H1_Bin_185	0	1
Thorarchaeia_D4993_C5_H1_Bin_269	1	1
Thorarchaeia_D4993_C5_H1_Bin_95	0	0
Thorarchaeia_D4993_C5_H2_Bin_133_clean	1	1
Thorarchaeia_D4993_C5_H2_Bin_435	1	1
Thorarchaeia_D4993_C5_H2_Bin_518	0	1
Thorarchaeia_D4993_C5_H2_Bin_79	0	0
Thorarchaeia_D4993_C5_H2_Bin_84_clean	1	1
Thorarchaeia_D4993_C5_H3_Bin_186	0	1
Thorarchaeia_D4993_C5_H3_Bin_368	0	0
Thorarchaeia_D4993_C5_LG_Bin_146_clean	0	0
Thorarchaeia_D4993_C5_LG_Bin_292	1	1
Thorarchaeia_D4993_C5_LG_Bin_387_clean	1	1
Thorarchaeia_D4993_C5_LG_Bin_530	0	0
Thorarchaeia_D4994_C39_H1_Bin_225	1	1
Thorarchaeia_D4994_C39_H1_Bin_629	0	1
Thorarchaeia_D4994_C39_H2_Bin_166	0	1
Thorarchaeia_D4998_C1112_H1_Bin_25	1	1
Thorarchaeia_D4998_C1112_H1_Bin_369_clean	1	1
Thorarchaeia_D4998_C1112_H2_Bin_233	0	1
Thorarchaeia_D4998_C1112_H2_Bin_606_clean	1	1
Thorarchaeia_D4998_C1112_H2_Bin_74	1	1
Thorarchaeia_D4998_C2223_H2_Bin_280	1	1
Thorarchaeia_D4998_C2223_H2_Bin_358	1	1
Thorarchaeia_E44_bin6	0	0
Thorarchaeia_E44_bin77	1	1
Thorarchaeia_GCA_001940705_1_ASM194070v1	1	1
Thorarchaeia_GCA_002825465_1_ASM282546v1	1	1
Thorarchaeia_GCA_002825515_1_ASM282551v1	1	1
Thorarchaeia_GCA_002825535_1_ASM282553v1	1	1
Thorarchaeia_GCA_003662765_1_ASM366276v1	0	0
Thorarchaeia_GCA_003662775_1_ASM366277v1	1	1
Thorarchaeia_GCA_003662805_1_ASM366280v1	0	1
Thorarchaeia_GCA_003662815_1_ASM366281v1	1	1
Thorarchaeia_GCA_004524435_1_ASM452443v1	1	1
Thorarchaeia_GCA_004524445_1_ASM452444v1	1	1
Thorarchaeia_GCA_004524565_1_ASM452456v1	1	1
Thorarchaeia_GCA_004524595_1_ASM452459v1	1	1
Thorarchaeia_GCA_004525575_1_ASM452557v1	1	1
Thorarchaeia_GCA_004525645_1_ASM452564v1	1	1
Thorarchaeia_GCA_008080745_1_ASM808074v1	0	0
Thorarchaeia_GCA_011364905_1_ASM1136490v1	1	1
Thorarchaeia_GCA_011364985_1_ASM1136498v1	1	1
Thorarchaeia_GCA_011365025_1_ASM1136502v1	1	1
Thorarchaeia_GCA_013388835_1_ASM1338883v1	1	1
Thorarchaeia_GCA_014728035_1_ASM1472803v1	1	1
Thorarchaeia_GCA_014730275_1_ASM1473027v1	1	1
Thorarchaeia_GCA_016839245_1_ASM1683924v1	1	1
Thorarchaeia_GCA_016839275_1_ASM1683927v1	1	1
Thorarchaeia_GCA_016839345_1_ASM1683934v1	1	1
Thorarchaeia_GCA_016839445_1_ASM1683944v1	1	1
Thorarchaeia_GCA_016839465_1_ASM1683946v1	1	1
Thorarchaeia_GCA_016839605_1_ASM1683960v1	1	1
Thorarchaeia_GCA_016840245_1_ASM1684024v1	1	1
Thorarchaeia_GCA_016840365_1_ASM1684036v1	1	1
Thorarchaeia_GCA_016840385_1_ASM1684038v1	1	1
Thorarchaeia_GCA_016840435_1_ASM1684043v1	1	1
Thorarchaeia_GCA_016840565_1_ASM1684056v1	0	0
Thorarchaeia_GCA_016840625_1_ASM1684062v1	1	1
Thorarchaeia_GCA_016840685_1_ASM1684068v1	1	1
Thorarchaeia_GCA_016840785_1_ASM1684078v1	1	1
Thorarchaeia_GCA_016840795_1_ASM1684079v1	1	1
Thorarchaeia_GCA_016840825_1_ASM1684082v1	0	1
Thorarchaeia_GCA_016840845_1_ASM1684084v1	1	1
Thorarchaeia_GCA_016840855_1_ASM1684085v1	1	1
Thorarchaeia_GCA_016840885_1_ASM1684088v1	1	1
Thorarchaeia_GCA_016840925_1_ASM1684092v1	1	1
Thorarchaeia_GCA_016840965_1_ASM1684096v1	1	1
Thorarchaeia_GCA_016841005_1_ASM1684100v1	1	1
Thorarchaeia_GCA_016933575_1_ASM1693357v1	1	1
Thorarchaeia_GCA_017654525_1_ASM1765452v1	1	1
Thorarchaeia_GCA_018238185_1_ASM1823818v1	1	1
Thorarchaeia_GCA_018238205_1_ASM1823820v1	1	1
Thorarchaeia_GCA_018238215_1_ASM1823821v1	1	1
Thorarchaeia_GCA_018238265_1_ASM1823826v1	1	1
Thorarchaeia_GCA_018238285_1_ASM1823828v1	1	1
Thorarchaeia_GCA_018238365_1_ASM1823836v1	0	0
Thorarchaeia_GCA_018238375_1_ASM1823837v1	0	0
Thorarchaeia_GCA_018238445_1_ASM1823844v1	1	1
Thorarchaeia_GCA_018238465_1_ASM1823846v1	0	0
Thorarchaeia_GCA_018238525_1_ASM1823852v1	1	1
Thorarchaeia_GCA_018238575_1_ASM1823857v1	1	1
Thorarchaeia_GCA_018238665_1_ASM1823866v1	0	1
Thorarchaeia_GCA_018238685_1_ASM1823868v1	1	1
Thorarchaeia_GCA_018238755_1_ASM1823875v1	0	0
Thorarchaeia_GCA_018238765_1_ASM1823876v1	1	1
Thorarchaeia_GCA_018238825_1_ASM1823882v1	1	1
Thorarchaeia_GCA_018238865_1_ASM1823886v1	0	0
Thorarchaeia_GCA_018238925_1_ASM1823892v1	0	0
Thorarchaeia_GCA_018238935_1_ASM1823893v1	1	1
Thorarchaeia_GCA_018239005_1_ASM1823900v1	1	1
Thorarchaeia_GCA_018239015_1_ASM1823901v1	1	1
Thorarchaeia_GCA_018335335_1_ASM1833533v1	1	1
Thorarchaeia_GCA_019058235_1_ASM1905823v1	0	1
Thorarchaeia_GCA_019058555_1_ASM1905855v1	1	1
Thorarchaeia_GCA_019894665_1_ASM1989466v1	1	1
Thorarchaeia_GCA_020348985_1_ASM2034898v1	1	1
Thorarchaeia_GCA_020355105_1_ASM2035510v1	0	1
Thorarchaeia_GCA_021498125_1_ASM2149812v1	0	0
Thorarchaeia_GCA_023128605_1_ASM2312860v1	0	0
Thorarchaeia_GCA_023131185_1_ASM2313118v1	1	1
Thorarchaeia_GCA_023132455_1_ASM2313245v1	1	1
Thorarchaeia_GCA_023134215_1_ASM2313421v1	0	0
Thorarchaeia_GCA_023139155_1_ASM2313915v1	1	1
Thorarchaeia_GCA_023139815_1_ASM2313981v1	0	1
Thorarchaeia_GCA_023139955_1_ASM2313995v1	1	1
Thorarchaeia_GCA_023140375_1_ASM2314037v1	1	1
Thorarchaeia_GCA_023141005_1_ASM2314100v1	0	1
Thorarchaeia_GCA_024275415_1_ASM2427541v1	1	1
Thorarchaeia_GCA_024276825_1_ASM2427682v1	1	1
Thorarchaeia_M3_10_Bin_237	1	1
Thorarchaeia_M3_30_Bin_136	1	1
Thorarchaeia_M3_30_Bin_238	1	1
Thorarchaeia_M3_30_Bin_242	1	1
Thorarchaeia_M3_30_Bin_286	0	0
Thorarchaeia_M3_30_Bin_73	1	1
Thorarchaeia_M3_38_Bin_107	1	1
Thorarchaeia_M3_38_Bin_151	1	1
Thorarchaeia_M3_38_Bin_171_clean	1	1
Thorarchaeia_M3_38_Bin_207	1	1
Thorarchaeia_M3_38_Bin_335	1	1
Thorarchaeia_M3_38_Bin_376	1	1
Thorarchaeia_M3_38_Bin_382	1	1
Thorarchaeia_M3_38_Bin_423	1	1
Thorarchaeia_M3_38_Bin_97_clean	1	1
Thorarchaeia_M3_44_Bin_122	1	1
Thorarchaeia_M3_44_Bin_221	1	1
Thorarchaeia_M3_44_Bin_237	1	1
Thorarchaeia_M3_44_Bin_287	0	1
Thorarchaeia_M3_44_Bin_309	1	1
Thorarchaeia_M3_44_Bin_333	1	1
Thorarchaeia_M3_44_Bin_361	1	1
Thorarchaeia_M3_44_Bin_429	1	1
Thorarchaeia_M8_32_Bin_163	1	1
Thorarchaeia_M8_32_Bin_264	1	1
Thorarchaeia_M8_32_Bin_293	1	1
Thorarchaeia_M8_44_Bin_141	1	1
Thorarchaeia_M8_44_Bin_154	1	1
Thorarchaeia_M8_44_Bin_202	1	1
Thorarchaeia_M8_44_Bin_219	1	1
Thorarchaeia_M8_44_Bin_242	1	1
Thorarchaeia_M8_44_Bin_342_clean	1	1
Thorarchaeia_M8_44_Bin_35	1	1
Thorarchaeia_M8_58_Bin_135	1	1
Thorarchaeia_M8_58_Bin_146	1	1
Thorarchaeia_M8_58_Bin_177	1	1
Thorarchaeia_M8_58_Bin_189_clean	1	1
Thorarchaeia_M8_58_Bin_202	1	1
Thorarchaeia_M8_58_Bin_368	1	1
Thorarchaeia_M8_58_Bin_410	1	1
Thorarchaeia_M8_58_Bin_56_clean	1	1
Thorarchaeia_M8_58_Bin_88	1	1
Thorarchaeia_M8_62_Bin_124_clean	1	1
Thorarchaeia_M8_62_Bin_136_clean	1	1
Thorarchaeia_M8_62_Bin_151	1	1
Thorarchaeia_M8_62_Bin_273	1	1
Thorarchaeia_M8_62_Bin_303	0	0
Thorarchaeia_M8_62_Bin_310	1	1
Thorarchaeia_M8_62_Bin_312	1	1
Thorarchaeia_M8_62_Bin_321	1	1
Thorarchaeia_M8_62_Bin_56	1	1
Thorarchaeia_M8_62_Bin_65	1	1
Thorarchaeia_M8_62_Bin_80_clean	1	1
Thorarchaeia_Meg19_1012_Bin_106	1	1
Thorarchaeia_Meg19_1012_Bin_170	1	1
Thorarchaeia_Meg19_1012_Bin_34	0	1
Thorarchaeia_Meg22_1012_Bin_182	1	1
Thorarchaeia_Meg22_1214_Bin_145	1	1
Thorarchaeia_Meg22_1416_Bin_184	1	1
Thorarchaeia_Meg22_1416_Bin_186	0	1
Thorarchaeia_Meg22_1618_Bin_45	1	1
Thorarchaeia_Meg22_810_Bin_118	1	1
Thorarchaeia_OWC_Bin2	1	1
Thorarchaeia_OWC_Bin3	1	1
Thorarchaeia_OWC_Bin5	1	1
Thorarchaeia_S2_bin19	0	0
Thorarchaeia_S5_bin18	1	1
Thorarchaeia_S6_bin33	1	1
Thorarchaeia_S7_bin1	0	0
Thorarchaeia_S7_bin6	0	1
Thorarchaeia_SMTZ1_45_clean	1	1
Thorarchaeia_SMTZ1_83_clean	1	1
Thorarchaeia_SMTZ_45	1	1
Thorarchaeia_WORH6	1	1
U1545B_2H_Loki	1	1
U1546D_4H_Heimdall_1	0	1
U1546D_4H_Heimdall_2	0	1
U1547B_2H_Loki	1	1
U1547B_3H_Loki	1	1
Wukongarchaeia_GCA_016840425_1_ASM1684042v1	0	0
Wukongarchaeia_GCA_016840505_1_ASM1684050v1	0	0
Wukongarchaeia_GCA_016840725_1_ASM1684072v1	0	0
